,Classifier,Target,Choice,Edge,Feature Selection,Type of feature,Percentage,Refit Metric,train_balanced_accuracy,train_roc_auc_ovr_weighted,test_balanced_accuracy,test_roc_auc_ovr_weighted,Self_loops
351,MLP,Openness,test throw median,num_streamlines,baseline,pearson,100,roc_auc_ovr_weighted,100,100,45.575,47.059,False
350,MLP,Openness,test throw median,num_streamlines,baseline,pearson,100,roc_auc_ovr_weighted,100,100,49.689,49.02,True
349,MLP,Openness,test throw median,num_streamlines,baseline,pearson,5,roc_auc_ovr_weighted,86.581,87.5,64.752,64.706,False
348,MLP,Openness,test throw median,num_streamlines,baseline,pearson,5,roc_auc_ovr_weighted,100,100,70.885,70.588,True
347,MLP,Neuroticism,test throw median,num_streamlines,baseline,pearson,100,roc_auc_ovr_weighted,100,100,52.759,53.061,False
346,MLP,Neuroticism,test throw median,num_streamlines,baseline,pearson,100,roc_auc_ovr_weighted,100,100,42.893,42.857,True
345,MLP,Neuroticism,test throw median,num_streamlines,baseline,pearson,5,roc_auc_ovr_weighted,100,100,53.261,53.061,False
344,MLP,Neuroticism,test throw median,num_streamlines,baseline,pearson,5,roc_auc_ovr_weighted,100,100,46.488,46.939,True
343,MLP,Agreeableness,test throw median,num_streamlines,baseline,pearson,100,roc_auc_ovr_weighted,100,100,39.138,40.816,False
342,MLP,Agreeableness,test throw median,num_streamlines,baseline,pearson,100,roc_auc_ovr_weighted,100,100,54.138,53.061,True
341,MLP,Agreeableness,test throw median,num_streamlines,baseline,pearson,5,roc_auc_ovr_weighted,92.041,92.437,51.983,55.102,False
340,MLP,Agreeableness,test throw median,num_streamlines,baseline,pearson,5,roc_auc_ovr_weighted,95.816,95.798,53.879,59.184,True
335,MLP,Conscientiousness,test throw median,num_streamlines,baseline,pearson,100,roc_auc_ovr_weighted,100,100,45.714,53.061,False
334,MLP,Conscientiousness,test throw median,num_streamlines,baseline,pearson,100,roc_auc_ovr_weighted,100,100,40,44.898,True
333,MLP,Conscientiousness,test throw median,num_streamlines,baseline,pearson,5,roc_auc_ovr_weighted,87.898,88.182,53.571,61.224,False
332,MLP,Conscientiousness,test throw median,num_streamlines,baseline,pearson,5,roc_auc_ovr_weighted,91.744,91.818,47.143,48.98,True
307,MLP,Extraversion,test throw median,num_streamlines,baseline,pearson,100,roc_auc_ovr_weighted,100,100,51.818,51.064,False
306,MLP,Extraversion,test throw median,num_streamlines,baseline,pearson,100,roc_auc_ovr_weighted,100,100,44.455,44.681,True
305,MLP,Extraversion,test throw median,num_streamlines,baseline,pearson,5,roc_auc_ovr_weighted,100,100,47,46.809,False
304,MLP,Extraversion,test throw median,num_streamlines,baseline,pearson,5,roc_auc_ovr_weighted,91.371,91.525,38.727,38.298,True
291,MLP,Openness,test throw median,num_streamlines,baseline,pearson,100,balanced_accuracy,100,100,47.516,47.059,False
290,MLP,Openness,test throw median,num_streamlines,baseline,pearson,100,balanced_accuracy,100,100,65.14,64.706,True
289,MLP,Openness,test throw median,num_streamlines,baseline,pearson,5,balanced_accuracy,90.968,91.071,66.925,66.667,False
288,MLP,Openness,test throw median,num_streamlines,baseline,pearson,5,balanced_accuracy,100,100,52.484,52.941,True
287,MLP,Neuroticism,test throw median,num_streamlines,baseline,pearson,100,balanced_accuracy,100,100,49.415,48.98,False
286,MLP,Neuroticism,test throw median,num_streamlines,baseline,pearson,100,balanced_accuracy,100,100,45.819,44.898,True
285,MLP,Neuroticism,test throw median,num_streamlines,baseline,pearson,5,balanced_accuracy,100,100,42.642,42.857,False
284,MLP,Neuroticism,test throw median,num_streamlines,baseline,pearson,5,balanced_accuracy,100,100,45.067,44.898,True
283,MLP,Agreeableness,test throw median,num_streamlines,baseline,pearson,100,balanced_accuracy,100,100,55.862,55.102,False
282,MLP,Agreeableness,test throw median,num_streamlines,baseline,pearson,100,balanced_accuracy,100,100,52.586,53.061,True
281,MLP,Agreeableness,test throw median,num_streamlines,baseline,pearson,5,balanced_accuracy,100,100,51.207,55.102,False
280,MLP,Agreeableness,test throw median,num_streamlines,baseline,pearson,5,balanced_accuracy,100,100,47.759,51.02,True
275,MLP,Conscientiousness,test throw median,num_streamlines,baseline,pearson,100,balanced_accuracy,100,100,40.714,42.857,False
274,MLP,Conscientiousness,test throw median,num_streamlines,baseline,pearson,100,balanced_accuracy,100,100,47.857,59.184,True
273,MLP,Conscientiousness,test throw median,num_streamlines,baseline,pearson,5,balanced_accuracy,94.43,94.545,53.571,55.102,False
272,MLP,Conscientiousness,test throw median,num_streamlines,baseline,pearson,5,balanced_accuracy,95.292,95.455,47.857,53.061,True
247,MLP,Extraversion,test throw median,num_streamlines,baseline,pearson,100,balanced_accuracy,100,100,55.545,55.319,False
246,MLP,Extraversion,test throw median,num_streamlines,baseline,pearson,100,balanced_accuracy,100,100,49.818,48.936,True
245,MLP,Extraversion,test throw median,num_streamlines,baseline,pearson,5,balanced_accuracy,90.346,90.678,39,38.298,False
244,MLP,Extraversion,test throw median,num_streamlines,baseline,pearson,5,balanced_accuracy,84.675,84.746,33.091,34.043,True
231,RF,Openness,test throw median,num_streamlines,baseline,pearson,100,roc_auc_ovr_weighted,100,100,46.894,45.098,False
230,RF,Openness,test throw median,num_streamlines,baseline,pearson,100,roc_auc_ovr_weighted,100,100,49.068,47.059,True
229,RF,Openness,test throw median,num_streamlines,baseline,pearson,5,roc_auc_ovr_weighted,100,100,56.988,54.902,False
228,RF,Openness,test throw median,num_streamlines,baseline,pearson,5,roc_auc_ovr_weighted,100,100,59.55,56.863,True
227,RF,Neuroticism,test throw median,num_streamlines,baseline,pearson,100,roc_auc_ovr_weighted,100,100,47.742,46.939,False
226,RF,Neuroticism,test throw median,num_streamlines,baseline,pearson,100,roc_auc_ovr_weighted,100,100,45.819,44.898,True
225,RF,Neuroticism,test throw median,num_streamlines,baseline,pearson,5,roc_auc_ovr_weighted,100,100,54.264,53.061,False
224,RF,Neuroticism,test throw median,num_streamlines,baseline,pearson,5,roc_auc_ovr_weighted,100,100,50.418,48.98,True
223,RF,Agreeableness,test throw median,num_streamlines,baseline,pearson,100,roc_auc_ovr_weighted,100,100,42.155,48.98,False
222,RF,Agreeableness,test throw median,num_streamlines,baseline,pearson,100,roc_auc_ovr_weighted,100,100,43.103,51.02,True
221,RF,Agreeableness,test throw median,num_streamlines,baseline,pearson,5,roc_auc_ovr_weighted,100,100,49.655,55.102,False
220,RF,Agreeableness,test throw median,num_streamlines,baseline,pearson,5,roc_auc_ovr_weighted,100,100,52.328,59.184,True
215,RF,Conscientiousness,test throw median,num_streamlines,baseline,pearson,100,roc_auc_ovr_weighted,100,100,51.429,61.224,False
214,RF,Conscientiousness,test throw median,num_streamlines,baseline,pearson,100,roc_auc_ovr_weighted,100,100,46.429,57.143,True
213,RF,Conscientiousness,test throw median,num_streamlines,baseline,pearson,5,roc_auc_ovr_weighted,100,100,61.429,63.265,False
212,RF,Conscientiousness,test throw median,num_streamlines,baseline,pearson,5,roc_auc_ovr_weighted,100,100,55,63.265,True
187,RF,Extraversion,test throw median,num_streamlines,baseline,pearson,100,roc_auc_ovr_weighted,100,100,56.364,55.319,False
186,RF,Extraversion,test throw median,num_streamlines,baseline,pearson,100,roc_auc_ovr_weighted,100,100,50.364,48.936,True
185,RF,Extraversion,test throw median,num_streamlines,baseline,pearson,5,roc_auc_ovr_weighted,100,100,45.273,44.681,False
184,RF,Extraversion,test throw median,num_streamlines,baseline,pearson,5,roc_auc_ovr_weighted,100,100,53.545,53.191,True
171,RF,Openness,test throw median,num_streamlines,baseline,pearson,100,balanced_accuracy,100,100,52.407,49.02,False
170,RF,Openness,test throw median,num_streamlines,baseline,pearson,100,balanced_accuracy,100,100,50.233,47.059,True
169,RF,Openness,test throw median,num_streamlines,baseline,pearson,5,balanced_accuracy,100,100,65.916,64.706,False
168,RF,Openness,test throw median,num_streamlines,baseline,pearson,5,balanced_accuracy,100,100,64.519,62.745,True
167,RF,Neuroticism,test throw median,num_streamlines,baseline,pearson,100,balanced_accuracy,100,100,52.09,51.02,False
166,RF,Neuroticism,test throw median,num_streamlines,baseline,pearson,100,balanced_accuracy,100,100,43.896,42.857,True
165,RF,Neuroticism,test throw median,num_streamlines,baseline,pearson,5,balanced_accuracy,100,100,52.341,51.02,False
164,RF,Neuroticism,test throw median,num_streamlines,baseline,pearson,5,balanced_accuracy,100,100,41.973,40.816,True
163,RF,Agreeableness,test throw median,num_streamlines,baseline,pearson,100,balanced_accuracy,100,100,50.603,57.143,False
162,RF,Agreeableness,test throw median,num_streamlines,baseline,pearson,100,balanced_accuracy,100,100,42.931,48.98,True
161,RF,Agreeableness,test throw median,num_streamlines,baseline,pearson,5,balanced_accuracy,98.98,99.16,47.155,53.061,False
160,RF,Agreeableness,test throw median,num_streamlines,baseline,pearson,5,balanced_accuracy,100,100,48.879,55.102,True
155,RF,Conscientiousness,test throw median,num_streamlines,baseline,pearson,100,balanced_accuracy,100,100,45,55.102,False
154,RF,Conscientiousness,test throw median,num_streamlines,baseline,pearson,100,balanced_accuracy,100,100,52.143,59.184,True
153,RF,Conscientiousness,test throw median,num_streamlines,baseline,pearson,5,balanced_accuracy,100,100,42.857,55.102,False
152,RF,Conscientiousness,test throw median,num_streamlines,baseline,pearson,5,balanced_accuracy,100,100,54.286,59.184,True
127,RF,Extraversion,test throw median,num_streamlines,baseline,pearson,100,balanced_accuracy,100,100,51.273,51.064,False
126,RF,Extraversion,test throw median,num_streamlines,baseline,pearson,100,balanced_accuracy,100,100,41,40.426,True
125,RF,Extraversion,test throw median,num_streamlines,baseline,pearson,5,balanced_accuracy,100,100,43,42.553,False
124,RF,Extraversion,test throw median,num_streamlines,baseline,pearson,5,balanced_accuracy,100,100,54.091,53.191,True
111,SVC,Openness,test throw median,num_streamlines,baseline,pearson,100,roc_auc_ovr_weighted,50,55.357,50,45.098,False
110,SVC,Openness,test throw median,num_streamlines,baseline,pearson,100,roc_auc_ovr_weighted,50,55.357,50,45.098,True
109,SVC,Openness,test throw median,num_streamlines,baseline,pearson,5,roc_auc_ovr_weighted,97,97.321,59.239,60.784,False
108,SVC,Openness,test throw median,num_streamlines,baseline,pearson,5,roc_auc_ovr_weighted,97,97.321,58.851,60.784,True
107,SVC,Neuroticism,test throw median,num_streamlines,baseline,pearson,100,roc_auc_ovr_weighted,50,54.237,50,46.939,False
106,SVC,Neuroticism,test throw median,num_streamlines,baseline,pearson,100,roc_auc_ovr_weighted,50,54.237,50,46.939,True
105,SVC,Neuroticism,test throw median,num_streamlines,baseline,pearson,5,roc_auc_ovr_weighted,100,100,46.739,46.939,False
104,SVC,Neuroticism,test throw median,num_streamlines,baseline,pearson,5,roc_auc_ovr_weighted,100,100,46.739,46.939,True
103,SVC,Agreeableness,test throw median,num_streamlines,baseline,pearson,100,roc_auc_ovr_weighted,50,58.824,50,59.184,False
102,SVC,Agreeableness,test throw median,num_streamlines,baseline,pearson,100,roc_auc_ovr_weighted,33.061,35.294,43.19,42.857,True
101,SVC,Agreeableness,test throw median,num_streamlines,baseline,pearson,5,roc_auc_ovr_weighted,50,58.824,50,59.184,False
100,SVC,Agreeableness,test throw median,num_streamlines,baseline,pearson,5,roc_auc_ovr_weighted,50,58.824,50,59.184,True
95,SVC,Conscientiousness,test throw median,num_streamlines,baseline,pearson,100,roc_auc_ovr_weighted,50,52.727,50,71.429,False
94,SVC,Conscientiousness,test throw median,num_streamlines,baseline,pearson,100,roc_auc_ovr_weighted,100,100,50,71.429,True
93,SVC,Conscientiousness,test throw median,num_streamlines,baseline,pearson,5,roc_auc_ovr_weighted,95.192,95.455,52.143,53.061,False
92,SVC,Conscientiousness,test throw median,num_streamlines,baseline,pearson,5,roc_auc_ovr_weighted,95.192,95.455,50.714,51.02,True
67,SVC,Extraversion,test throw median,num_streamlines,baseline,pearson,100,roc_auc_ovr_weighted,24.17,24.576,51.818,51.064,False
66,SVC,Extraversion,test throw median,num_streamlines,baseline,pearson,100,roc_auc_ovr_weighted,24.964,25.424,49.545,48.936,True
65,SVC,Extraversion,test throw median,num_streamlines,baseline,pearson,5,roc_auc_ovr_weighted,97.273,97.458,39.909,40.426,False
64,SVC,Extraversion,test throw median,num_streamlines,baseline,pearson,5,roc_auc_ovr_weighted,97.273,97.458,41.909,42.553,True
51,SVC,Openness,test throw median,num_streamlines,baseline,pearson,100,balanced_accuracy,100,100,55.357,50.98,False
50,SVC,Openness,test throw median,num_streamlines,baseline,pearson,100,balanced_accuracy,100,100,55.357,50.98,True
49,SVC,Openness,test throw median,num_streamlines,baseline,pearson,5,balanced_accuracy,99,99.107,59.239,60.784,False
48,SVC,Openness,test throw median,num_streamlines,baseline,pearson,5,balanced_accuracy,100,100,55.28,56.863,True
47,SVC,Neuroticism,test throw median,num_streamlines,baseline,pearson,100,balanced_accuracy,100,100,45.318,44.898,False
46,SVC,Neuroticism,test throw median,num_streamlines,baseline,pearson,100,balanced_accuracy,73.466,73.729,54.515,53.061,True
45,SVC,Neuroticism,test throw median,num_streamlines,baseline,pearson,5,balanced_accuracy,100,100,46.739,46.939,False
44,SVC,Neuroticism,test throw median,num_streamlines,baseline,pearson,5,balanced_accuracy,100,100,46.739,46.939,True
43,SVC,Agreeableness,test throw median,num_streamlines,baseline,pearson,100,balanced_accuracy,100,100,49.483,53.061,False
42,SVC,Agreeableness,test throw median,num_streamlines,baseline,pearson,100,balanced_accuracy,100,100,47.759,51.02,True
41,SVC,Agreeableness,test throw median,num_streamlines,baseline,pearson,5,balanced_accuracy,96.939,97.479,40.862,42.857,False
40,SVC,Agreeableness,test throw median,num_streamlines,baseline,pearson,5,balanced_accuracy,96.939,97.479,40.862,42.857,True
35,SVC,Conscientiousness,test throw median,num_streamlines,baseline,pearson,100,balanced_accuracy,100,100,54.286,59.184,False
34,SVC,Conscientiousness,test throw median,num_streamlines,baseline,pearson,100,balanced_accuracy,89.058,89.091,40,44.898,True
33,SVC,Conscientiousness,test throw median,num_streamlines,baseline,pearson,5,balanced_accuracy,100,100,48.571,51.02,False
32,SVC,Conscientiousness,test throw median,num_streamlines,baseline,pearson,5,balanced_accuracy,95.192,95.455,50.714,51.02,True
7,SVC,Extraversion,test throw median,num_streamlines,baseline,pearson,100,balanced_accuracy,100,100,50,46.809,False
6,SVC,Extraversion,test throw median,num_streamlines,baseline,pearson,100,balanced_accuracy,100,100,50,46.809,True
5,SVC,Extraversion,test throw median,num_streamlines,baseline,pearson,5,balanced_accuracy,97.273,97.458,39.909,40.426,False
4,SVC,Extraversion,test throw median,num_streamlines,baseline,pearson,5,balanced_accuracy,100,100,41.909,42.553,True
359,MLP,Neuroticism,test throw median,mean_strl,baseline,pearson,100,roc_auc_ovr_weighted,100,100,54.682,55.102,False
358,MLP,Neuroticism,test throw median,mean_strl,baseline,pearson,100,roc_auc_ovr_weighted,100,100,44.565,44.898,True
357,MLP,Neuroticism,test throw median,mean_strl,baseline,pearson,5,roc_auc_ovr_weighted,86.053,86.441,44.147,42.857,False
356,MLP,Neuroticism,test throw median,mean_strl,baseline,pearson,5,roc_auc_ovr_weighted,93.316,93.22,51.589,51.02,True
339,MLP,Openness,test throw median,mean_strl,baseline,pearson,100,roc_auc_ovr_weighted,100,100,51.087,50.98,False
338,MLP,Openness,test throw median,mean_strl,baseline,pearson,100,roc_auc_ovr_weighted,100,100,50.466,49.02,True
337,MLP,Openness,test throw median,mean_strl,baseline,pearson,5,roc_auc_ovr_weighted,85.968,86.607,45.73,45.098,False
336,MLP,Openness,test throw median,mean_strl,baseline,pearson,5,roc_auc_ovr_weighted,86.387,87.5,48.913,49.02,True
327,MLP,Extraversion,test throw median,mean_strl,baseline,pearson,100,roc_auc_ovr_weighted,100,100,42.727,42.553,False
326,MLP,Extraversion,test throw median,mean_strl,baseline,pearson,100,roc_auc_ovr_weighted,100,100,44.455,44.681,True
325,MLP,Extraversion,test throw median,mean_strl,baseline,pearson,5,roc_auc_ovr_weighted,89.553,89.831,43,42.553,False
324,MLP,Extraversion,test throw median,mean_strl,baseline,pearson,5,roc_auc_ovr_weighted,92.843,93.22,40.727,40.426,True
323,MLP,Agreeableness,test throw median,mean_strl,baseline,pearson,100,roc_auc_ovr_weighted,100,100,48.707,53.061,False
322,MLP,Agreeableness,test throw median,mean_strl,baseline,pearson,100,roc_auc_ovr_weighted,100,100,56.379,61.224,True
321,MLP,Agreeableness,test throw median,mean_strl,baseline,pearson,5,roc_auc_ovr_weighted,100,100,40.69,40.816,False
320,MLP,Agreeableness,test throw median,mean_strl,baseline,pearson,5,roc_auc_ovr_weighted,97.245,97.479,46.81,48.98,True
315,MLP,Conscientiousness,test throw median,mean_strl,baseline,pearson,100,roc_auc_ovr_weighted,100,100,45,55.102,False
314,MLP,Conscientiousness,test throw median,mean_strl,baseline,pearson,100,roc_auc_ovr_weighted,100,100,40.714,48.98,True
313,MLP,Conscientiousness,test throw median,mean_strl,baseline,pearson,5,roc_auc_ovr_weighted,85.312,85.455,45,48.98,False
312,MLP,Conscientiousness,test throw median,mean_strl,baseline,pearson,5,roc_auc_ovr_weighted,100,100,45,48.98,True
299,MLP,Neuroticism,test throw median,mean_strl,baseline,pearson,100,balanced_accuracy,100,100,44.565,44.898,False
298,MLP,Neuroticism,test throw median,mean_strl,baseline,pearson,100,balanced_accuracy,100,100,51.338,51.02,True
297,MLP,Neuroticism,test throw median,mean_strl,baseline,pearson,5,balanced_accuracy,100,100,46.99,46.939,False
296,MLP,Neuroticism,test throw median,mean_strl,baseline,pearson,5,balanced_accuracy,100,100,55.184,55.102,True
279,MLP,Openness,test throw median,mean_strl,baseline,pearson,100,balanced_accuracy,100,100,60.559,58.824,False
278,MLP,Openness,test throw median,mean_strl,baseline,pearson,100,balanced_accuracy,100,100,43.556,43.137,True
277,MLP,Openness,test throw median,mean_strl,baseline,pearson,5,balanced_accuracy,88.581,89.286,49.689,49.02,False
276,MLP,Openness,test throw median,mean_strl,baseline,pearson,5,balanced_accuracy,87.387,88.393,55.823,54.902,True
267,MLP,Extraversion,test throw median,mean_strl,baseline,pearson,100,balanced_accuracy,100,100,46.455,46.809,False
266,MLP,Extraversion,test throw median,mean_strl,baseline,pearson,100,balanced_accuracy,100,100,45.545,44.681,True
265,MLP,Extraversion,test throw median,mean_strl,baseline,pearson,5,balanced_accuracy,85.238,85.593,52.091,51.064,False
264,MLP,Extraversion,test throw median,mean_strl,baseline,pearson,5,balanced_accuracy,89.553,89.831,47.545,46.809,True
263,MLP,Agreeableness,test throw median,mean_strl,baseline,pearson,100,balanced_accuracy,100,100,45.862,46.939,False
262,MLP,Agreeableness,test throw median,mean_strl,baseline,pearson,100,balanced_accuracy,100,100,54.483,57.143,True
261,MLP,Agreeableness,test throw median,mean_strl,baseline,pearson,5,balanced_accuracy,100,100,43.362,44.898,False
260,MLP,Agreeableness,test throw median,mean_strl,baseline,pearson,5,balanced_accuracy,100,100,45.862,46.939,True
255,MLP,Conscientiousness,test throw median,mean_strl,baseline,pearson,100,balanced_accuracy,100,100,55.714,55.102,False
254,MLP,Conscientiousness,test throw median,mean_strl,baseline,pearson,100,balanced_accuracy,100,100,45,55.102,True
253,MLP,Conscientiousness,test throw median,mean_strl,baseline,pearson,5,balanced_accuracy,93.568,93.636,45.714,46.939,False
252,MLP,Conscientiousness,test throw median,mean_strl,baseline,pearson,5,balanced_accuracy,100,100,51.429,55.102,True
239,RF,Neuroticism,test throw median,mean_strl,baseline,pearson,100,roc_auc_ovr_weighted,100,100,56.689,55.102,False
238,RF,Neuroticism,test throw median,mean_strl,baseline,pearson,100,roc_auc_ovr_weighted,100,100,57.86,57.143,True
237,RF,Neuroticism,test throw median,mean_strl,baseline,pearson,5,roc_auc_ovr_weighted,100,100,60.033,59.184,False
236,RF,Neuroticism,test throw median,mean_strl,baseline,pearson,5,roc_auc_ovr_weighted,97.222,97.458,52.09,51.02,True
219,RF,Openness,test throw median,mean_strl,baseline,pearson,100,roc_auc_ovr_weighted,100,100,57.376,54.902,False
218,RF,Openness,test throw median,mean_strl,baseline,pearson,100,roc_auc_ovr_weighted,100,100,47.283,45.098,True
217,RF,Openness,test throw median,mean_strl,baseline,pearson,5,roc_auc_ovr_weighted,100,100,53.804,50.98,False
216,RF,Openness,test throw median,mean_strl,baseline,pearson,5,roc_auc_ovr_weighted,100,100,45.497,43.137,True
207,RF,Extraversion,test throw median,mean_strl,baseline,pearson,100,roc_auc_ovr_weighted,100,100,56.364,55.319,False
206,RF,Extraversion,test throw median,mean_strl,baseline,pearson,100,roc_auc_ovr_weighted,100,100,52.364,51.064,True
205,RF,Extraversion,test throw median,mean_strl,baseline,pearson,5,roc_auc_ovr_weighted,100,100,47.545,46.809,False
204,RF,Extraversion,test throw median,mean_strl,baseline,pearson,5,roc_auc_ovr_weighted,100,100,43.545,42.553,True
203,RF,Agreeableness,test throw median,mean_strl,baseline,pearson,100,roc_auc_ovr_weighted,100,100,45.603,53.061,False
202,RF,Agreeableness,test throw median,mean_strl,baseline,pearson,100,roc_auc_ovr_weighted,100,100,52.5,61.224,True
201,RF,Agreeableness,test throw median,mean_strl,baseline,pearson,5,roc_auc_ovr_weighted,100,100,46.983,51.02,False
200,RF,Agreeableness,test throw median,mean_strl,baseline,pearson,5,roc_auc_ovr_weighted,100,100,47.759,51.02,True
195,RF,Conscientiousness,test throw median,mean_strl,baseline,pearson,100,roc_auc_ovr_weighted,100,100,49.286,55.102,False
194,RF,Conscientiousness,test throw median,mean_strl,baseline,pearson,100,roc_auc_ovr_weighted,100,100,55.714,61.224,True
193,RF,Conscientiousness,test throw median,mean_strl,baseline,pearson,5,roc_auc_ovr_weighted,100,100,59.286,63.265,False
192,RF,Conscientiousness,test throw median,mean_strl,baseline,pearson,5,roc_auc_ovr_weighted,100,100,59.286,63.265,True
179,RF,Neuroticism,test throw median,mean_strl,baseline,pearson,100,balanced_accuracy,100,100,57.86,57.143,False
178,RF,Neuroticism,test throw median,mean_strl,baseline,pearson,100,balanced_accuracy,100,100,54.013,53.061,True
177,RF,Neuroticism,test throw median,mean_strl,baseline,pearson,5,balanced_accuracy,100,100,60.284,59.184,False
176,RF,Neuroticism,test throw median,mean_strl,baseline,pearson,5,balanced_accuracy,99.074,99.153,54.013,53.061,True
159,RF,Openness,test throw median,mean_strl,baseline,pearson,100,balanced_accuracy,100,100,54.814,52.941,False
158,RF,Openness,test throw median,mean_strl,baseline,pearson,100,balanced_accuracy,100,100,52.64,50.98,True
157,RF,Openness,test throw median,mean_strl,baseline,pearson,5,balanced_accuracy,100,100,49.845,47.059,False
156,RF,Openness,test throw median,mean_strl,baseline,pearson,5,balanced_accuracy,100,100,49.457,47.059,True
147,RF,Extraversion,test throw median,mean_strl,baseline,pearson,100,balanced_accuracy,100,100,41.273,40.426,False
146,RF,Extraversion,test throw median,mean_strl,baseline,pearson,100,balanced_accuracy,100,100,54.636,53.191,True
145,RF,Extraversion,test throw median,mean_strl,baseline,pearson,5,balanced_accuracy,100,100,51.545,51.064,False
144,RF,Extraversion,test throw median,mean_strl,baseline,pearson,5,balanced_accuracy,100,100,47.273,46.809,True
143,RF,Agreeableness,test throw median,mean_strl,baseline,pearson,100,balanced_accuracy,100,100,52.328,59.184,False
142,RF,Agreeableness,test throw median,mean_strl,baseline,pearson,100,balanced_accuracy,100,100,48.276,57.143,True
141,RF,Agreeableness,test throw median,mean_strl,baseline,pearson,5,balanced_accuracy,100,100,43.534,46.939,False
140,RF,Agreeableness,test throw median,mean_strl,baseline,pearson,5,balanced_accuracy,100,100,43.707,48.98,True
135,RF,Conscientiousness,test throw median,mean_strl,baseline,pearson,100,balanced_accuracy,100,100,50.714,57.143,False
134,RF,Conscientiousness,test throw median,mean_strl,baseline,pearson,100,balanced_accuracy,100,100,59.286,63.265,True
133,RF,Conscientiousness,test throw median,mean_strl,baseline,pearson,5,balanced_accuracy,100,100,46.429,51.02,False
132,RF,Conscientiousness,test throw median,mean_strl,baseline,pearson,5,balanced_accuracy,99.038,99.091,48.571,57.143,True
119,SVC,Neuroticism,test throw median,mean_strl,baseline,pearson,100,roc_auc_ovr_weighted,100,100,50,46.939,False
118,SVC,Neuroticism,test throw median,mean_strl,baseline,pearson,100,roc_auc_ovr_weighted,100,100,50,46.939,True
117,SVC,Neuroticism,test throw median,mean_strl,baseline,pearson,5,roc_auc_ovr_weighted,88.339,88.136,49.415,48.98,False
116,SVC,Neuroticism,test throw median,mean_strl,baseline,pearson,5,roc_auc_ovr_weighted,84.635,84.746,49.666,48.98,True
99,SVC,Openness,test throw median,mean_strl,baseline,pearson,100,roc_auc_ovr_weighted,100,100,49.224,45.098,False
98,SVC,Openness,test throw median,mean_strl,baseline,pearson,100,roc_auc_ovr_weighted,100,100,49.224,45.098,True
97,SVC,Openness,test throw median,mean_strl,baseline,pearson,5,roc_auc_ovr_weighted,67,70.536,54.969,50.98,False
96,SVC,Openness,test throw median,mean_strl,baseline,pearson,5,roc_auc_ovr_weighted,68,71.429,50,45.098,True
87,SVC,Extraversion,test throw median,mean_strl,baseline,pearson,100,roc_auc_ovr_weighted,50,53.39,50,46.809,False
86,SVC,Extraversion,test throw median,mean_strl,baseline,pearson,100,roc_auc_ovr_weighted,50,53.39,50,46.809,True
85,SVC,Extraversion,test throw median,mean_strl,baseline,pearson,5,roc_auc_ovr_weighted,93.636,94.068,50,46.809,False
84,SVC,Extraversion,test throw median,mean_strl,baseline,pearson,5,roc_auc_ovr_weighted,82.294,82.203,51.273,51.064,True
83,SVC,Agreeableness,test throw median,mean_strl,baseline,pearson,100,roc_auc_ovr_weighted,50,41.176,50,40.816,False
82,SVC,Agreeableness,test throw median,mean_strl,baseline,pearson,100,roc_auc_ovr_weighted,50,58.824,50,59.184,True
81,SVC,Agreeableness,test throw median,mean_strl,baseline,pearson,5,roc_auc_ovr_weighted,50,58.824,50,59.184,False
80,SVC,Agreeableness,test throw median,mean_strl,baseline,pearson,5,roc_auc_ovr_weighted,50,58.824,50,59.184,True
75,SVC,Conscientiousness,test throw median,mean_strl,baseline,pearson,100,roc_auc_ovr_weighted,55.736,56.364,45,55.102,False
74,SVC,Conscientiousness,test throw median,mean_strl,baseline,pearson,100,roc_auc_ovr_weighted,50.962,53.636,50,71.429,True
73,SVC,Conscientiousness,test throw median,mean_strl,baseline,pearson,5,roc_auc_ovr_weighted,100,100,51.429,67.347,False
72,SVC,Conscientiousness,test throw median,mean_strl,baseline,pearson,5,roc_auc_ovr_weighted,100,100,50,65.306,True
59,SVC,Neuroticism,test throw median,mean_strl,baseline,pearson,100,balanced_accuracy,76.881,77.119,51.589,51.02,False
58,SVC,Neuroticism,test throw median,mean_strl,baseline,pearson,100,balanced_accuracy,69.907,70.339,49.415,48.98,True
57,SVC,Neuroticism,test throw median,mean_strl,baseline,pearson,5,balanced_accuracy,88.339,88.136,49.415,48.98,False
56,SVC,Neuroticism,test throw median,mean_strl,baseline,pearson,5,balanced_accuracy,88.339,88.136,51.589,51.02,True
39,SVC,Openness,test throw median,mean_strl,baseline,pearson,100,balanced_accuracy,60.871,61.607,49.301,49.02,False
38,SVC,Openness,test throw median,mean_strl,baseline,pearson,100,balanced_accuracy,60.065,60.714,51.475,50.98,True
37,SVC,Openness,test throw median,mean_strl,baseline,pearson,5,balanced_accuracy,83.548,83.929,53.261,52.941,False
36,SVC,Openness,test throw median,mean_strl,baseline,pearson,5,balanced_accuracy,98,98.214,46.739,47.059,True
27,SVC,Extraversion,test throw median,mean_strl,baseline,pearson,100,balanced_accuracy,52.208,52.542,35.909,36.17,False
26,SVC,Extraversion,test throw median,mean_strl,baseline,pearson,100,balanced_accuracy,100,100,47.727,44.681,True
25,SVC,Extraversion,test throw median,mean_strl,baseline,pearson,5,balanced_accuracy,83.882,83.898,51.273,51.064,False
24,SVC,Extraversion,test throw median,mean_strl,baseline,pearson,5,balanced_accuracy,83.088,83.051,49.545,48.936,True
23,SVC,Agreeableness,test throw median,mean_strl,baseline,pearson,100,balanced_accuracy,51.224,51.261,42.241,40.816,False
22,SVC,Agreeableness,test throw median,mean_strl,baseline,pearson,100,balanced_accuracy,53.98,53.782,38.793,36.735,True
21,SVC,Agreeableness,test throw median,mean_strl,baseline,pearson,5,balanced_accuracy,86.122,86.555,37.414,38.776,False
20,SVC,Agreeableness,test throw median,mean_strl,baseline,pearson,5,balanced_accuracy,86.122,86.555,39.914,40.816,True
15,SVC,Conscientiousness,test throw median,mean_strl,baseline,pearson,100,balanced_accuracy,54.045,53.636,52.857,57.143,False
14,SVC,Conscientiousness,test throw median,mean_strl,baseline,pearson,100,balanced_accuracy,100,100,55.714,73.469,True
13,SVC,Conscientiousness,test throw median,mean_strl,baseline,pearson,5,balanced_accuracy,83.488,83.636,52.143,53.061,False
12,SVC,Conscientiousness,test throw median,mean_strl,baseline,pearson,5,balanced_accuracy,83.488,83.636,53.571,55.102,True
355,MLP,Conscientiousness,test throw median,mean_FA,baseline,pearson,100,roc_auc_ovr_weighted,100,100,45,48.98,False
354,MLP,Conscientiousness,test throw median,mean_FA,baseline,pearson,100,roc_auc_ovr_weighted,100,100,41.429,46.939,True
353,MLP,Conscientiousness,test throw median,mean_FA,baseline,pearson,5,roc_auc_ovr_weighted,100,100,55.714,61.224,False
352,MLP,Conscientiousness,test throw median,mean_FA,baseline,pearson,5,roc_auc_ovr_weighted,100,100,48.571,51.02,True
331,MLP,Extraversion,test throw median,mean_FA,baseline,pearson,100,roc_auc_ovr_weighted,100,100,43,42.553,False
330,MLP,Extraversion,test throw median,mean_FA,baseline,pearson,100,roc_auc_ovr_weighted,100,100,49.545,48.936,True
329,MLP,Extraversion,test throw median,mean_FA,baseline,pearson,5,roc_auc_ovr_weighted,89.784,89.831,55.273,55.319,False
328,MLP,Extraversion,test throw median,mean_FA,baseline,pearson,5,roc_auc_ovr_weighted,92.049,92.373,60.091,59.574,True
319,MLP,Neuroticism,test throw median,mean_FA,baseline,pearson,100,roc_auc_ovr_weighted,100,100,59.783,59.184,False
318,MLP,Neuroticism,test throw median,mean_FA,baseline,pearson,100,roc_auc_ovr_weighted,100,100,57.609,57.143,True
317,MLP,Neuroticism,test throw median,mean_FA,baseline,pearson,5,roc_auc_ovr_weighted,89.12,88.983,47.742,46.939,False
316,MLP,Neuroticism,test throw median,mean_FA,baseline,pearson,5,roc_auc_ovr_weighted,100,100,43.144,42.857,True
311,MLP,Agreeableness,test throw median,mean_FA,baseline,pearson,100,roc_auc_ovr_weighted,100,100,52.931,57.143,False
310,MLP,Agreeableness,test throw median,mean_FA,baseline,pearson,100,roc_auc_ovr_weighted,100,100,40.086,42.857,True
309,MLP,Agreeableness,test throw median,mean_FA,baseline,pearson,5,roc_auc_ovr_weighted,100,100,37.586,40.816,False
308,MLP,Agreeableness,test throw median,mean_FA,baseline,pearson,5,roc_auc_ovr_weighted,100,100,45.862,46.939,True
303,MLP,Openness,test throw median,mean_FA,baseline,pearson,100,roc_auc_ovr_weighted,100,100,49.301,49.02,False
302,MLP,Openness,test throw median,mean_FA,baseline,pearson,100,roc_auc_ovr_weighted,100,100,57.609,56.863,True
301,MLP,Openness,test throw median,mean_FA,baseline,pearson,5,roc_auc_ovr_weighted,89.161,89.286,49.301,49.02,False
300,MLP,Openness,test throw median,mean_FA,baseline,pearson,5,roc_auc_ovr_weighted,93.581,93.75,42.78,43.137,True
295,MLP,Conscientiousness,test throw median,mean_FA,baseline,pearson,100,balanced_accuracy,100,100,60.714,65.306,False
294,MLP,Conscientiousness,test throw median,mean_FA,baseline,pearson,100,balanced_accuracy,100,100,49.286,55.102,True
293,MLP,Conscientiousness,test throw median,mean_FA,baseline,pearson,5,balanced_accuracy,100,100,47.143,48.98,False
292,MLP,Conscientiousness,test throw median,mean_FA,baseline,pearson,5,balanced_accuracy,100,100,58.571,59.184,True
271,MLP,Extraversion,test throw median,mean_FA,baseline,pearson,100,balanced_accuracy,100,100,42.182,42.553,False
270,MLP,Extraversion,test throw median,mean_FA,baseline,pearson,100,balanced_accuracy,100,100,62.364,61.702,True
269,MLP,Extraversion,test throw median,mean_FA,baseline,pearson,5,balanced_accuracy,84.444,84.746,50.091,48.936,False
268,MLP,Extraversion,test throw median,mean_FA,baseline,pearson,5,balanced_accuracy,100,100,45.273,44.681,True
259,MLP,Neuroticism,test throw median,mean_FA,baseline,pearson,100,balanced_accuracy,100,100,47.492,46.939,False
258,MLP,Neuroticism,test throw median,mean_FA,baseline,pearson,100,balanced_accuracy,100,100,57.107,57.143,True
257,MLP,Neuroticism,test throw median,mean_FA,baseline,pearson,5,balanced_accuracy,100,100,45.819,44.898,False
256,MLP,Neuroticism,test throw median,mean_FA,baseline,pearson,5,balanced_accuracy,87.413,87.288,51.839,51.02,True
251,MLP,Agreeableness,test throw median,mean_FA,baseline,pearson,100,balanced_accuracy,100,100,52.931,57.143,False
250,MLP,Agreeableness,test throw median,mean_FA,baseline,pearson,100,balanced_accuracy,100,100,44.655,51.02,True
249,MLP,Agreeableness,test throw median,mean_FA,baseline,pearson,5,balanced_accuracy,100,100,51.034,53.061,False
248,MLP,Agreeableness,test throw median,mean_FA,baseline,pearson,5,balanced_accuracy,100,100,50.086,51.02,True
243,MLP,Openness,test throw median,mean_FA,baseline,pearson,100,balanced_accuracy,100,100,51.863,50.98,False
242,MLP,Openness,test throw median,mean_FA,baseline,pearson,100,balanced_accuracy,100,100,50.466,49.02,True
241,MLP,Openness,test throw median,mean_FA,baseline,pearson,5,balanced_accuracy,86.774,87.5,54.425,52.941,False
240,MLP,Openness,test throw median,mean_FA,baseline,pearson,5,balanced_accuracy,85.581,86.607,45.885,43.137,True
235,RF,Conscientiousness,test throw median,mean_FA,baseline,pearson,100,roc_auc_ovr_weighted,100,100,57.143,63.265,False
234,RF,Conscientiousness,test throw median,mean_FA,baseline,pearson,100,roc_auc_ovr_weighted,100,100,56.429,59.184,True
233,RF,Conscientiousness,test throw median,mean_FA,baseline,pearson,5,roc_auc_ovr_weighted,100,100,45.714,53.061,False
232,RF,Conscientiousness,test throw median,mean_FA,baseline,pearson,5,roc_auc_ovr_weighted,100,100,55.714,61.224,True
211,RF,Extraversion,test throw median,mean_FA,baseline,pearson,100,roc_auc_ovr_weighted,100,100,54.909,53.191,False
210,RF,Extraversion,test throw median,mean_FA,baseline,pearson,100,roc_auc_ovr_weighted,100,100,50.364,48.936,True
209,RF,Extraversion,test throw median,mean_FA,baseline,pearson,5,roc_auc_ovr_weighted,100,100,49.545,48.936,False
208,RF,Extraversion,test throw median,mean_FA,baseline,pearson,5,roc_auc_ovr_weighted,100,100,45.273,44.681,True
199,RF,Neuroticism,test throw median,mean_FA,baseline,pearson,100,roc_auc_ovr_weighted,100,100,50.167,48.98,False
198,RF,Neuroticism,test throw median,mean_FA,baseline,pearson,100,roc_auc_ovr_weighted,99.074,99.153,58.11,57.143,True
197,RF,Neuroticism,test throw median,mean_FA,baseline,pearson,5,roc_auc_ovr_weighted,100,100,50.167,48.98,False
196,RF,Neuroticism,test throw median,mean_FA,baseline,pearson,5,roc_auc_ovr_weighted,100,100,47.993,46.939,True
191,RF,Agreeableness,test throw median,mean_FA,baseline,pearson,100,roc_auc_ovr_weighted,100,100,55.776,63.265,False
190,RF,Agreeableness,test throw median,mean_FA,baseline,pearson,100,roc_auc_ovr_weighted,100,100,45.603,53.061,True
189,RF,Agreeableness,test throw median,mean_FA,baseline,pearson,5,roc_auc_ovr_weighted,100,100,34.483,40.816,False
188,RF,Agreeableness,test throw median,mean_FA,baseline,pearson,5,roc_auc_ovr_weighted,97.959,98.319,42.759,46.939,True
183,RF,Openness,test throw median,mean_FA,baseline,pearson,100,roc_auc_ovr_weighted,100,100,49.845,47.059,False
182,RF,Openness,test throw median,mean_FA,baseline,pearson,100,roc_auc_ovr_weighted,100,100,53.028,50.98,True
181,RF,Openness,test throw median,mean_FA,baseline,pearson,5,roc_auc_ovr_weighted,100,100,48.447,45.098,False
180,RF,Openness,test throw median,mean_FA,baseline,pearson,5,roc_auc_ovr_weighted,100,100,49.457,47.059,True
175,RF,Conscientiousness,test throw median,mean_FA,baseline,pearson,100,balanced_accuracy,100,100,51.429,61.224,False
174,RF,Conscientiousness,test throw median,mean_FA,baseline,pearson,100,balanced_accuracy,100,100,44.286,51.02,True
173,RF,Conscientiousness,test throw median,mean_FA,baseline,pearson,5,balanced_accuracy,100,100,49.286,55.102,False
172,RF,Conscientiousness,test throw median,mean_FA,baseline,pearson,5,balanced_accuracy,100,100,47.857,53.061,True
151,RF,Extraversion,test throw median,mean_FA,baseline,pearson,100,balanced_accuracy,100,100,40.091,38.298,False
150,RF,Extraversion,test throw median,mean_FA,baseline,pearson,100,balanced_accuracy,100,100,47.818,46.809,True
149,RF,Extraversion,test throw median,mean_FA,baseline,pearson,5,balanced_accuracy,100,100,47.273,46.809,False
148,RF,Extraversion,test throw median,mean_FA,baseline,pearson,5,balanced_accuracy,100,100,47.545,46.809,True
139,RF,Neuroticism,test throw median,mean_FA,baseline,pearson,100,balanced_accuracy,100,100,58.11,57.143,False
138,RF,Neuroticism,test throw median,mean_FA,baseline,pearson,100,balanced_accuracy,100,100,52.592,51.02,True
137,RF,Neuroticism,test throw median,mean_FA,baseline,pearson,5,balanced_accuracy,98.148,98.305,52.09,51.02,False
136,RF,Neuroticism,test throw median,mean_FA,baseline,pearson,5,balanced_accuracy,100,100,47.993,46.939,True
131,RF,Agreeableness,test throw median,mean_FA,baseline,pearson,100,balanced_accuracy,100,100,46.552,55.102,False
130,RF,Agreeableness,test throw median,mean_FA,baseline,pearson,100,balanced_accuracy,100,100,47.328,55.102,True
129,RF,Agreeableness,test throw median,mean_FA,baseline,pearson,5,balanced_accuracy,98.98,99.16,47.931,53.061,False
128,RF,Agreeableness,test throw median,mean_FA,baseline,pearson,5,balanced_accuracy,100,100,47.759,51.02,True
123,RF,Openness,test throw median,mean_FA,baseline,pearson,100,balanced_accuracy,99.194,99.107,53.416,50.98,False
122,RF,Openness,test throw median,mean_FA,baseline,pearson,100,balanced_accuracy,100,100,51.242,49.02,True
121,RF,Openness,test throw median,mean_FA,baseline,pearson,5,balanced_accuracy,100,100,49.457,47.059,False
120,RF,Openness,test throw median,mean_FA,baseline,pearson,5,balanced_accuracy,100,100,48.059,45.098,True
115,SVC,Conscientiousness,test throw median,mean_FA,baseline,pearson,100,roc_auc_ovr_weighted,43.568,43.636,53.571,55.102,False
114,SVC,Conscientiousness,test throw median,mean_FA,baseline,pearson,100,roc_auc_ovr_weighted,84.549,84.545,37.143,40.816,True
113,SVC,Conscientiousness,test throw median,mean_FA,baseline,pearson,5,roc_auc_ovr_weighted,100,100,51.429,67.347,False
112,SVC,Conscientiousness,test throw median,mean_FA,baseline,pearson,5,roc_auc_ovr_weighted,100,100,51.429,67.347,True
91,SVC,Extraversion,test throw median,mean_FA,baseline,pearson,100,roc_auc_ovr_weighted,50,53.39,50,46.809,False
90,SVC,Extraversion,test throw median,mean_FA,baseline,pearson,100,roc_auc_ovr_weighted,50,53.39,50,46.809,True
89,SVC,Extraversion,test throw median,mean_FA,baseline,pearson,5,roc_auc_ovr_weighted,98.182,98.305,52,48.936,False
88,SVC,Extraversion,test throw median,mean_FA,baseline,pearson,5,roc_auc_ovr_weighted,99.091,99.153,52,48.936,True
79,SVC,Neuroticism,test throw median,mean_FA,baseline,pearson,100,roc_auc_ovr_weighted,54.543,55.085,52.341,51.02,False
78,SVC,Neuroticism,test throw median,mean_FA,baseline,pearson,100,roc_auc_ovr_weighted,98.438,98.305,53.01,53.061,True
77,SVC,Neuroticism,test throw median,mean_FA,baseline,pearson,5,roc_auc_ovr_weighted,88.339,88.136,49.415,48.98,False
76,SVC,Neuroticism,test throw median,mean_FA,baseline,pearson,5,roc_auc_ovr_weighted,84.635,84.746,49.666,48.98,True
71,SVC,Agreeableness,test throw median,mean_FA,baseline,pearson,100,roc_auc_ovr_weighted,50,41.176,50,40.816,False
70,SVC,Agreeableness,test throw median,mean_FA,baseline,pearson,100,roc_auc_ovr_weighted,50,58.824,50,59.184,True
69,SVC,Agreeableness,test throw median,mean_FA,baseline,pearson,5,roc_auc_ovr_weighted,50,58.824,50,59.184,False
68,SVC,Agreeableness,test throw median,mean_FA,baseline,pearson,5,roc_auc_ovr_weighted,50,58.824,50,59.184,True
63,SVC,Openness,test throw median,mean_FA,baseline,pearson,100,roc_auc_ovr_weighted,50,55.357,51.786,47.059,False
62,SVC,Openness,test throw median,mean_FA,baseline,pearson,100,roc_auc_ovr_weighted,50,55.357,50,45.098,True
61,SVC,Openness,test throw median,mean_FA,baseline,pearson,5,roc_auc_ovr_weighted,50,55.357,50,45.098,False
60,SVC,Openness,test throw median,mean_FA,baseline,pearson,5,roc_auc_ovr_weighted,50,55.357,50,45.098,True
55,SVC,Conscientiousness,test throw median,mean_FA,baseline,pearson,100,balanced_accuracy,54.045,53.636,52.857,57.143,False
54,SVC,Conscientiousness,test throw median,mean_FA,baseline,pearson,100,balanced_accuracy,100,100,55.714,73.469,True
53,SVC,Conscientiousness,test throw median,mean_FA,baseline,pearson,5,balanced_accuracy,83.488,83.636,52.143,53.061,False
52,SVC,Conscientiousness,test throw median,mean_FA,baseline,pearson,5,balanced_accuracy,83.488,83.636,53.571,55.102,True
31,SVC,Extraversion,test throw median,mean_FA,baseline,pearson,100,balanced_accuracy,52.208,52.542,35.909,36.17,False
30,SVC,Extraversion,test throw median,mean_FA,baseline,pearson,100,balanced_accuracy,100,100,47.727,44.681,True
29,SVC,Extraversion,test throw median,mean_FA,baseline,pearson,5,balanced_accuracy,83.882,83.898,51.273,51.064,False
28,SVC,Extraversion,test throw median,mean_FA,baseline,pearson,5,balanced_accuracy,83.088,83.051,49.545,48.936,True
19,SVC,Neuroticism,test throw median,mean_FA,baseline,pearson,100,balanced_accuracy,76.881,77.119,51.589,51.02,False
18,SVC,Neuroticism,test throw median,mean_FA,baseline,pearson,100,balanced_accuracy,69.907,70.339,49.415,48.98,True
17,SVC,Neuroticism,test throw median,mean_FA,baseline,pearson,5,balanced_accuracy,88.339,88.136,49.415,48.98,False
16,SVC,Neuroticism,test throw median,mean_FA,baseline,pearson,5,balanced_accuracy,88.339,88.136,51.589,51.02,True
11,SVC,Agreeableness,test throw median,mean_FA,baseline,pearson,100,balanced_accuracy,51.224,51.261,42.241,40.816,False
10,SVC,Agreeableness,test throw median,mean_FA,baseline,pearson,100,balanced_accuracy,53.98,53.782,38.793,36.735,True
9,SVC,Agreeableness,test throw median,mean_FA,baseline,pearson,5,balanced_accuracy,86.122,86.555,37.414,38.776,False
8,SVC,Agreeableness,test throw median,mean_FA,baseline,pearson,5,balanced_accuracy,86.122,86.555,39.914,40.816,True
3,SVC,Openness,test throw median,mean_FA,baseline,pearson,100,balanced_accuracy,60.871,61.607,49.301,49.02,False
2,SVC,Openness,test throw median,mean_FA,baseline,pearson,100,balanced_accuracy,60.065,60.714,51.475,50.98,True
1,SVC,Openness,test throw median,mean_FA,baseline,pearson,5,balanced_accuracy,83.548,83.929,53.261,52.941,False
0,SVC,Openness,test throw median,mean_FA,baseline,pearson,5,balanced_accuracy,98,98.214,46.739,47.059,True
