,Classifier,Target,Choice,Edge,Feature Selection,Type of feature,Percentage,Refit Metric,Num_nodes,Num edges,% Positive edges,ROI_strl_thresh,train_balanced_accuracy,train_accuracy,train_f1_weighted,train_roc_auc_ovr_weighted,test_balanced_accuracy,test_accuracy,test_f1_weighted,test_roc_auc_ovr_weighted
0,SVC,Openness,test throw median,pearson,solver,mean_FA,4.532,balanced_accuracy,19,158,100.0,0,96.0,96.296,95.833,99.862,45.385,38.889,42.105,45.214
1,SVC,Extraversion,test throw median,pearson,solver,num_streamlines,4.475,balanced_accuracy,19,156,100.0,0,71.684,71.818,69.903,20.06,50.625,51.923,41.86,51.094
2,SVC,Extraversion,test throw median,pearson,solver,mean_strl,4.418,balanced_accuracy,19,154,100.0,0,100.0,100.0,100.0,100.0,56.563,55.769,51.064,52.344
3,SVC,Agreeableness,test throw median,pearson,solver,mean_FA,4.389,balanced_accuracy,19,153,100.0,0,99.057,99.13,99.048,99.97,49.043,48.077,52.632,49.841
4,SVC,Conscientiousness,test throw median,pearson,solver,mean_strl,4.36,balanced_accuracy,19,152,100.0,0,74.169,74.747,70.588,20.224,48.786,49.057,52.632,54.0
5,SVC,Neuroticism,test throw median,pearson,solver,mean_FA,4.332,balanced_accuracy,19,151,100.0,0,64.354,63.889,67.227,68.407,54.724,54.237,57.143,56.855
6,SVC,Openness,test throw median,pearson,solver,mean_strl,4.303,balanced_accuracy,19,150,100.0,0,94.552,94.444,94.118,92.379,53.59,53.704,62.687,60.171
7,SVC,Openness,test throw median,pearson,solver,num_streamlines,4.274,balanced_accuracy,19,149,100.0,0,100.0,100.0,100.0,100.0,52.564,46.296,50.847,52.821
8,SVC,Neuroticism,test throw median,pearson,solver,mean_strl,4.188,balanced_accuracy,19,146,100.0,0,93.269,93.519,92.784,99.416,55.127,55.932,45.833,53.226
9,SVC,Agreeableness,test throw median,pearson,solver,mean_strl,4.131,balanced_accuracy,19,144,100.0,0,52.145,48.696,63.354,46.409,51.116,63.462,77.108,42.265
10,SVC,Conscientiousness,test throw median,pearson,solver,mean_FA,4.102,balanced_accuracy,19,143,100.0,0,78.011,78.788,74.699,77.533,35.643,35.849,39.286,38.0
11,SVC,Openness,test throw median,pearson,solver,mean_FA,4.073,balanced_accuracy,18,142,100.0,0,89.0,89.815,87.64,99.345,44.103,37.037,39.286,43.248
12,SVC,Neuroticism,test throw median,pearson,solver,mean_strl,4.016,balanced_accuracy,18,140,100.0,0,80.838,80.556,81.416,92.977,57.431,57.627,54.545,58.122
13,SVC,Conscientiousness,test throw median,pearson,solver,num_streamlines,3.987,balanced_accuracy,18,139,100.0,0,91.154,90.909,89.888,96.346,60.357,60.377,61.818,54.429
14,SVC,Agreeableness,test throw median,pearson,solver,mean_FA,3.959,balanced_accuracy,18,138,100.0,0,99.194,99.13,99.065,99.878,47.528,46.154,50.0,52.153
15,SVC,Conscientiousness,test throw median,pearson,solver,mean_strl,3.901,balanced_accuracy,18,136,100.0,0,71.491,71.717,68.182,20.224,47.429,47.17,46.154,51.857
16,SVC,Openness,test throw median,pearson,solver,mean_strl,3.844,balanced_accuracy,18,134,100.0,0,76.103,76.852,72.527,76.103,56.923,55.556,63.636,60.171
17,SVC,Openness,test throw median,pearson,solver,num_streamlines,3.787,balanced_accuracy,17,132,100.0,0,64.793,65.741,58.427,75.759,40.0,37.037,43.333,37.607
18,SVC,Neuroticism,test throw median,pearson,solver,mean_FA,3.758,balanced_accuracy,18,131,100.0,0,95.261,95.37,95.05,98.283,70.853,71.186,67.925,64.977
19,SVC,Agreeableness,test throw median,pearson,solver,mean_strl,3.729,balanced_accuracy,17,130,100.0,0,61.108,60.87,60.177,37.066,43.381,42.308,46.429,55.821
20,SVC,Conscientiousness,test throw median,pearson,solver,mean_FA,3.701,balanced_accuracy,18,129,100.0,0,63.891,64.646,58.824,33.97,55.429,54.717,50.0,45.0
21,SVC,Neuroticism,test throw median,pearson,solver,mean_FA,3.643,balanced_accuracy,17,127,100.0,0,96.291,96.296,96.154,98.455,57.258,57.627,52.83,61.233
22,SVC,Agreeableness,test throw median,pearson,solver,mean_strl,3.614,balanced_accuracy,18,126,100.0,0,53.226,49.565,64.634,31.619,51.116,63.462,77.108,38.118
23,SVC,Extraversion,test throw median,pearson,solver,mean_strl,3.557,balanced_accuracy,17,124,100.0,0,59.682,60.0,56.0,35.146,46.875,51.923,28.571,53.594
24,SVC,Agreeableness,test throw median,pearson,solver,mean_FA,3.528,balanced_accuracy,17,123,100.0,0,98.25,98.261,98.113,99.909,49.043,48.077,52.632,54.226
25,SVC,Neuroticism,test throw median,pearson,solver,num_streamlines,3.5,balanced_accuracy,17,122,100.0,0,65.865,65.741,66.055,58.104,48.675,49.153,42.308,45.392
26,SVC,Conscientiousness,test throw median,pearson,solver,mean_FA,3.442,balanced_accuracy,17,120,100.0,0,74.792,75.758,70.732,71.553,42.786,43.396,50.0,42.429
27,SVC,Agreeableness,test throw median,pearson,solver,mean_strl,3.328,balanced_accuracy,16,116,100.0,0,100.0,100.0,100.0,0.0,43.78,44.231,50.847,56.619
28,SVC,Extraversion,test throw median,pearson,solver,mean_FA,3.299,balanced_accuracy,18,115,100.0,0,96.353,96.364,96.154,95.889,48.438,48.077,42.553,45.0
29,SVC,Openness,test throw median,pearson,solver,mean_strl,3.27,balanced_accuracy,17,114,100.0,0,92.138,92.593,91.489,97.586,38.462,40.741,51.515,40.342
30,SVC,Neuroticism,test throw median,pearson,solver,mean_strl,3.242,balanced_accuracy,17,113,100.0,0,61.676,61.111,65.574,33.98,56.164,55.932,56.667,35.829
31,SVC,Extraversion,test throw median,pearson,solver,mean_FA,3.213,balanced_accuracy,16,112,100.0,0,67.275,67.273,66.038,77.818,45.312,44.231,40.816,44.219
32,SVC,Conscientiousness,test throw median,pearson,solver,mean_strl,3.184,balanced_accuracy,16,111,100.0,0,69.871,71.717,63.158,18.937,53.643,52.83,46.809,51.429
33,SVC,Neuroticism,test throw median,pearson,solver,mean_FA,3.155,balanced_accuracy,16,110,100.0,0,96.291,96.296,96.154,99.21,62.27,62.712,57.692,60.945
34,SVC,Openness,test throw median,pearson,solver,mean_FA,3.127,balanced_accuracy,16,109,100.0,0,84.138,85.185,81.395,98.034,50.0,42.593,45.614,43.248
35,SVC,Conscientiousness,test throw median,pearson,solver,num_streamlines,3.098,balanced_accuracy,16,108,100.0,0,87.936,87.879,86.364,7.932,49.643,49.057,44.898,53.143
36,SVC,Openness,test throw median,pearson,solver,num_streamlines,3.069,balanced_accuracy,16,107,100.0,0,72.552,74.074,65.0,85.517,58.205,42.593,36.735,48.034
37,SVC,Agreeableness,test throw median,pearson,solver,mean_FA,3.041,balanced_accuracy,16,106,100.0,0,98.25,98.261,98.113,98.661,56.938,53.846,55.556,63.317
38,SVC,Agreeableness,test throw median,pearson,solver,num_streamlines,2.897,balanced_accuracy,15,101,100.0,0,68.609,70.435,58.537,81.771,48.565,40.385,27.907,53.748
39,SVC,Conscientiousness,test throw median,pearson,solver,num_streamlines,2.869,balanced_accuracy,15,100,100.0,0,100.0,100.0,100.0,100.0,47.214,47.17,48.148,49.5
40,SVC,Neuroticism,test throw median,pearson,solver,mean_strl,2.84,balanced_accuracy,16,99,100.0,0,92.788,92.593,92.727,97.459,52.247,52.542,48.148,57.316
41,SVC,Agreeableness,test throw median,pearson,solver,mean_strl,2.811,balanced_accuracy,15,98,100.0,0,62.173,62.609,58.252,37.523,49.043,48.077,52.632,49.203
42,SVC,Extraversion,test throw median,pearson,solver,mean_FA,2.783,balanced_accuracy,15,97,100.0,0,100.0,100.0,100.0,100.0,48.125,44.231,47.273,57.969
43,SVC,Openness,test throw median,pearson,solver,mean_FA,2.754,balanced_accuracy,15,96,100.0,0,57.103,59.259,38.889,37.655,50.769,40.741,40.741,49.402
44,SVC,Agreeableness,test throw median,pearson,solver,mean_FA,2.725,balanced_accuracy,15,95,100.0,0,81.558,81.739,80.0,9.921,48.644,46.154,48.148,52.472
45,SVC,Neuroticism,test throw median,pearson,solver,mean_FA,2.697,balanced_accuracy,15,94,100.0,0,65.179,64.815,67.241,67.205,49.712,49.153,53.125,55.012
46,SVC,Extraversion,test throw median,pearson,solver,mean_strl,2.639,balanced_accuracy,15,92,100.0,0,100.0,100.0,100.0,0.0,55.937,59.615,43.243,33.906
47,SVC,Conscientiousness,test throw median,pearson,solver,mean_FA,2.61,balanced_accuracy,15,91,100.0,0,51.786,45.455,61.429,38.123,46.643,49.057,64.935,45.286
48,SVC,Agreeableness,test throw median,pearson,solver,mean_strl,2.524,balanced_accuracy,14,88,100.0,0,93.533,93.913,93.069,97.565,45.295,46.154,53.333,43.78
49,SVC,Extraversion,test throw median,pearson,solver,num_streamlines,2.496,balanced_accuracy,14,87,100.0,0,77.155,77.273,75.728,69.861,49.375,48.077,44.898,46.875
50,SVC,Conscientiousness,test throw median,pearson,solver,mean_FA,2.467,balanced_accuracy,14,86,100.0,0,64.701,64.646,61.538,38.164,57.429,56.604,51.064,46.786
51,SVC,Openness,test throw median,pearson,solver,mean_FA,2.438,balanced_accuracy,14,85,100.0,0,57.793,59.259,46.341,37.914,51.282,44.444,48.276,51.538
52,SVC,Agreeableness,test throw median,pearson,solver,num_streamlines,2.41,balanced_accuracy,14,84,100.0,0,84.647,85.217,82.828,89.653,46.013,44.231,47.273,47.528
53,SVC,Agreeableness,test throw median,pearson,solver,mean_FA,2.381,balanced_accuracy,14,83,100.0,0,87.888,87.826,87.037,91.525,63.397,63.462,68.852,63.636
54,SVC,Extraversion,test throw median,pearson,solver,mean_FA,2.324,balanced_accuracy,14,81,100.0,0,92.805,92.727,92.453,95.557,48.438,48.077,42.553,45.625
55,SVC,Extraversion,test throw median,pearson,solver,mean_strl,2.266,balanced_accuracy,14,79,100.0,0,70.159,70.0,69.725,19.065,40.938,42.308,31.818,58.75
56,SVC,Openness,test throw median,pearson,solver,mean_FA,2.18,balanced_accuracy,13,76,100.0,0,61.517,62.963,51.22,37.741,57.179,50.0,54.237,50.427
57,SVC,Conscientiousness,test throw median,pearson,solver,mean_strl,2.151,balanced_accuracy,13,75,100.0,0,94.456,94.949,93.976,95.889,47.429,47.17,46.154,49.571
58,SVC,Conscientiousness,test throw median,pearson,solver,mean_FA,2.123,balanced_accuracy,13,74,100.0,0,71.221,71.717,67.442,68.522,51.643,50.943,45.833,52.429
59,SVC,Agreeableness,test throw median,pearson,solver,mean_strl,2.094,balanced_accuracy,13,73,100.0,0,97.17,97.391,97.087,98.448,43.78,44.231,50.847,46.97
60,SVC,Neuroticism,test throw median,pearson,solver,mean_FA,2.065,balanced_accuracy,13,72,100.0,0,88.668,88.889,87.755,95.089,60.657,61.017,56.604,61.06
61,SVC,Openness,test throw median,pearson,solver,mean_strl,2.037,balanced_accuracy,13,71,100.0,0,97.138,97.222,96.97,97.655,55.385,59.259,69.444,60.855
62,SVC,Extraversion,test throw median,pearson,solver,mean_FA,1.951,balanced_accuracy,13,68,100.0,0,80.603,80.909,78.788,86.356,39.375,40.385,31.111,40.625
63,SVC,Agreeableness,test throw median,pearson,solver,mean_FA,1.922,balanced_accuracy,13,67,100.0,0,78.469,78.261,77.477,26.202,51.276,48.077,49.057,45.933
64,SVC,Openness,test throw median,pearson,solver,mean_FA,1.865,balanced_accuracy,12,65,100.0,0,74.828,75.926,69.767,85.569,50.513,46.296,52.459,45.983
65,SVC,Agreeableness,test throw median,pearson,solver,mean_strl,1.836,balanced_accuracy,12,64,100.0,0,82.502,82.609,81.132,91.083,45.295,46.154,53.333,45.853
66,SVC,Conscientiousness,test throw median,pearson,solver,mean_FA,1.807,balanced_accuracy,12,63,100.0,0,73.547,73.737,70.455,30.399,55.214,54.717,52.0,44.857
67,SVC,Neuroticism,test throw median,pearson,solver,mean_FA,1.779,balanced_accuracy,12,62,100.0,0,59.066,58.333,64.567,37.036,58.468,57.627,62.687,40.438
68,SVC,Neuroticism,test throw median,pearson,solver,num_streamlines,1.75,balanced_accuracy,12,61,100.0,0,99.038,99.074,99.029,100.0,55.876,57.627,32.432,62.327
69,SVC,Extraversion,test throw median,pearson,solver,mean_strl,1.721,balanced_accuracy,12,60,100.0,0,93.767,93.636,93.458,94.43,53.438,57.692,38.889,51.875
70,SVC,Openness,test throw median,pearson,solver,mean_strl,1.692,balanced_accuracy,12,59,100.0,0,87.414,87.963,86.022,91.966,50.256,51.852,61.765,50.342
71,SVC,Agreeableness,test throw median,pearson,solver,mean_FA,1.664,balanced_accuracy,12,58,100.0,0,87.219,86.957,86.486,90.657,55.024,50.0,48.0,51.196
72,SVC,Extraversion,test throw median,pearson,solver,mean_FA,1.578,balanced_accuracy,11,55,100.0,0,91.844,91.818,91.429,95.209,51.875,50.0,48.0,48.047
73,SVC,Conscientiousness,test throw median,pearson,solver,mean_FA,1.549,balanced_accuracy,11,54,100.0,0,90.615,90.909,89.412,8.098,49.429,49.057,47.059,58.429
74,SVC,Openness,test throw median,pearson,solver,mean_strl,1.52,balanced_accuracy,11,53,100.0,0,62.345,62.963,57.447,32.586,43.333,38.889,44.068,49.06
75,SVC,Openness,test throw median,pearson,solver,mean_FA,1.492,balanced_accuracy,11,52,100.0,0,61.517,62.963,51.22,63.69,51.282,44.444,48.276,47.35
76,SVC,Agreeableness,test throw median,pearson,solver,mean_FA,1.463,balanced_accuracy,11,51,100.0,0,82.243,81.739,81.739,89.562,52.392,48.077,47.059,57.097
77,SVC,Neuroticism,test throw median,pearson,solver,mean_strl,1.434,balanced_accuracy,11,50,100.0,0,70.261,70.37,68.627,76.889,49.366,49.153,50.0,56.452
78,SVC,Extraversion,test throw median,pearson,solver,mean_strl,1.406,balanced_accuracy,11,49,100.0,0,81.664,81.818,80.392,9.151,46.25,50.0,31.579,53.437
79,SVC,Neuroticism,test throw median,pearson,solver,mean_strl,1.291,balanced_accuracy,10,45,100.0,0,89.766,89.815,89.32,90.9,62.615,62.712,60.714,68.779
80,SVC,Openness,test throw median,pearson,solver,mean_FA,1.262,balanced_accuracy,10,44,100.0,0,81.931,81.481,81.481,87.19,49.487,53.704,64.789,41.966
81,SVC,Extraversion,test throw median,pearson,solver,mean_FA,1.234,balanced_accuracy,10,43,100.0,0,90.02,90.0,89.524,88.462,43.125,46.154,30.0,50.469
82,SVC,Agreeableness,test throw median,pearson,solver,mean_FA,1.205,balanced_accuracy,10,42,100.0,0,60.697,60.87,57.944,39.531,37.719,36.538,40.0,68.581
83,SVC,Extraversion,test throw median,pearson,solver,mean_strl,1.176,balanced_accuracy,10,41,100.0,0,56.631,56.364,57.143,40.103,50.625,51.923,41.86,44.766
84,SVC,Extraversion,test throw median,pearson,solver,num_streamlines,1.147,balanced_accuracy,10,40,100.0,0,63.13,63.636,58.333,31.83,56.25,57.692,47.619,46.406
85,SVC,Conscientiousness,test throw median,pearson,solver,mean_FA,1.061,balanced_accuracy,10,37,100.0,0,72.28,74.747,64.789,17.525,58.071,56.604,43.902,40.857
86,SVC,Conscientiousness,test throw median,pearson,solver,mean_FA,1.033,balanced_accuracy,9,36,100.0,0,80.876,80.808,78.652,85.507,39.643,39.623,40.741,41.714
87,SVC,Agreeableness,test throw median,pearson,solver,mean_FA,1.004,balanced_accuracy,9,35,100.0,0,69.583,69.565,67.89,77.024,62.998,61.538,65.517,71.132
88,SVC,Openness,test throw median,pearson,solver,mean_FA,0.975,balanced_accuracy,9,34,100.0,0,55.931,57.407,43.902,37.414,50.0,42.593,45.614,50.855
89,SVC,Conscientiousness,test throw median,pearson,solver,mean_strl,0.947,balanced_accuracy,9,33,100.0,0,100.0,100.0,100.0,0.0,41.857,41.509,39.216,53.143
90,SVC,Neuroticism,test throw median,pearson,solver,mean_FA,0.918,balanced_accuracy,9,32,100.0,0,66.346,65.741,69.919,67.136,63.134,62.712,64.516,62.097
91,SVC,Openness,test throw median,pearson,solver,mean_FA,0.803,balanced_accuracy,8,28,100.0,0,59.207,60.185,51.685,38.276,50.513,46.296,52.459,52.735
92,SVC,Agreeableness,test throw median,pearson,solver,mean_FA,0.775,balanced_accuracy,8,27,100.0,0,61.519,60.87,62.185,35.058,55.821,53.846,57.143,46.411
93,SVC,Neuroticism,test throw median,pearson,solver,mean_FA,0.746,balanced_accuracy,8,26,100.0,0,55.082,53.704,65.753,38.118,54.32,52.542,64.103,41.244
94,SVC,Extraversion,test throw median,pearson,solver,mean_FA,0.717,balanced_accuracy,8,25,100.0,0,76.592,76.364,76.364,82.46,38.75,38.462,33.333,45.625
95,SVC,Openness,test throw median,pearson,solver,mean_FA,0.602,balanced_accuracy,7,21,100.0,0,66.828,68.519,56.41,67.103,54.615,46.296,49.123,49.06
96,SVC,Agreeableness,test throw median,pearson,solver,mean_FA,0.574,balanced_accuracy,7,20,100.0,0,62.553,64.348,50.602,71.059,50.478,44.231,38.298,49.92
97,SVC,Neuroticism,test throw median,pearson,solver,mean_FA,0.545,balanced_accuracy,7,19,100.0,0,63.53,62.963,67.213,66.38,56.509,55.932,59.375,61.06
98,SVC,Agreeableness,test throw median,pearson,solver,num_streamlines,0.488,balanced_accuracy,7,17,100.0,0,92.864,93.043,92.308,98.752,52.392,48.077,47.059,53.907
99,SVC,Agreeableness,test throw median,pearson,solver,mean_FA,0.43,balanced_accuracy,6,15,100.0,0,61.503,61.739,58.491,30.341,48.644,46.154,48.148,50.957
100,SVC,Openness,test throw median,pearson,solver,mean_FA,0.402,balanced_accuracy,6,14,100.0,0,59.207,60.185,51.685,63.241,49.231,44.444,50.0,50.598
101,SVC,Agreeableness,test throw median,pearson,solver,mean_FA,0.287,balanced_accuracy,5,10,100.0,0,60.027,60.0,58.182,39.957,40.351,38.462,40.741,55.104
102,SVC,Conscientiousness,test throw median,pearson,solver,mean_strl,0.258,balanced_accuracy,5,9,100.0,0,62.292,61.616,60.417,32.35,45.643,45.283,43.137,55.929
103,SVC,Extraversion,test throw median,pearson,solver,mean_strl,0.229,balanced_accuracy,5,8,100.0,0,62.931,63.636,56.522,32.891,48.75,51.923,35.897,57.5
104,SVC,Agreeableness,test throw median,pearson,solver,mean_FA,0.172,balanced_accuracy,4,6,100.0,0,63.527,63.478,61.818,63.725,53.589,53.846,60.0,54.864
105,SVC,Conscientiousness,test throw median,pearson,solver,mean_strl,0.143,balanced_accuracy,4,5,100.0,0,57.371,57.576,53.333,62.417,55.429,54.717,50.0,54.143
106,SVC,Openness,keep median,pearson,solver,mean_FA,4.532,balanced_accuracy,19,158,100.0,0,96.0,96.296,95.833,99.862,51.417,41.791,43.478,55.556
107,SVC,Extraversion,keep median,pearson,solver,num_streamlines,4.475,balanced_accuracy,19,156,100.0,0,71.684,71.818,69.903,20.076,42.65,43.284,36.667,60.073
108,SVC,Extraversion,keep median,pearson,solver,mean_strl,4.418,balanced_accuracy,19,154,100.0,0,100.0,100.0,100.0,100.0,53.902,53.731,50.794,51.361
109,SVC,Agreeableness,keep median,pearson,solver,mean_FA,4.389,balanced_accuracy,19,153,100.0,0,99.057,99.13,99.048,99.97,51.968,50.746,58.228,51.117
110,SVC,Conscientiousness,keep median,pearson,solver,mean_strl,4.36,balanced_accuracy,19,152,100.0,0,74.169,74.747,70.588,20.224,39.652,40.299,45.946,63.828
111,SVC,Neuroticism,keep median,pearson,solver,mean_FA,4.332,balanced_accuracy,19,151,100.0,0,64.354,63.889,67.227,67.891,49.064,49.254,55.263,48.128
112,SVC,Openness,keep median,pearson,solver,mean_strl,4.303,balanced_accuracy,19,150,100.0,0,94.552,94.444,94.118,7.621,44.671,44.776,54.321,61.451
113,SVC,Openness,keep median,pearson,solver,num_streamlines,4.274,balanced_accuracy,19,149,100.0,0,100.0,100.0,100.0,100.0,46.145,41.791,48.0,48.186
114,SVC,Neuroticism,keep median,pearson,solver,mean_strl,4.188,balanced_accuracy,19,146,100.0,0,93.269,93.519,92.784,99.416,49.51,49.254,39.286,48.128
115,SVC,Agreeableness,keep median,pearson,solver,mean_strl,4.131,balanced_accuracy,19,144,100.0,0,52.145,48.696,63.354,46.409,53.936,71.642,82.883,42.021
116,SVC,Conscientiousness,keep median,pearson,solver,mean_FA,4.102,balanced_accuracy,19,143,100.0,0,78.011,78.788,74.699,22.467,50.641,50.746,54.795,48.718
117,SVC,Openness,keep median,pearson,solver,mean_FA,4.073,balanced_accuracy,18,142,100.0,0,89.0,89.815,87.64,99.345,50.397,40.299,41.176,56.293
118,SVC,Neuroticism,keep median,pearson,solver,mean_strl,4.016,balanced_accuracy,18,140,100.0,0,80.838,80.556,81.416,93.063,58.244,58.209,57.576,57.041
119,SVC,Conscientiousness,keep median,pearson,solver,num_streamlines,3.987,balanced_accuracy,18,139,100.0,0,91.154,90.909,89.888,96.346,45.513,44.776,46.377,41.392
120,SVC,Agreeableness,keep median,pearson,solver,mean_FA,3.959,balanced_accuracy,18,138,100.0,0,99.194,99.13,99.065,99.893,55.904,52.239,57.895,57.34
121,SVC,Conscientiousness,keep median,pearson,solver,mean_strl,3.901,balanced_accuracy,18,136,100.0,0,71.491,71.717,68.182,20.266,41.163,40.299,41.176,64.469
122,SVC,Openness,keep median,pearson,solver,mean_strl,3.844,balanced_accuracy,18,134,100.0,0,76.103,76.852,72.527,76.086,39.853,40.299,50.0,35.488
123,SVC,Openness,keep median,pearson,solver,num_streamlines,3.787,balanced_accuracy,17,132,100.0,0,64.793,65.741,58.427,75.759,47.166,43.284,50.0,48.98
124,SVC,Neuroticism,keep median,pearson,solver,mean_FA,3.758,balanced_accuracy,18,131,100.0,0,95.261,95.37,95.05,98.283,53.832,53.731,50.794,53.298
125,SVC,Agreeableness,keep median,pearson,solver,mean_strl,3.729,balanced_accuracy,17,130,100.0,0,61.108,60.87,60.177,37.066,56.968,53.731,59.74,44.362
126,SVC,Conscientiousness,keep median,pearson,solver,mean_FA,3.701,balanced_accuracy,18,129,100.0,0,63.891,64.646,58.824,33.97,53.938,52.239,51.515,48.168
127,SVC,Neuroticism,keep median,pearson,solver,mean_FA,3.643,balanced_accuracy,17,127,100.0,0,96.291,96.296,96.154,98.455,62.745,62.687,61.538,62.389
128,SVC,Agreeableness,keep median,pearson,solver,mean_strl,3.614,balanced_accuracy,18,126,100.0,0,53.226,49.565,64.634,31.619,53.936,71.642,82.883,45.319
129,SVC,Extraversion,keep median,pearson,solver,mean_strl,3.557,balanced_accuracy,17,124,100.0,0,59.682,60.0,56.0,35.03,46.688,49.254,32.0,57.033
130,SVC,Agreeableness,keep median,pearson,solver,mean_FA,3.528,balanced_accuracy,17,123,100.0,0,98.25,98.261,98.113,99.909,55.904,52.239,57.895,55.798
131,SVC,Neuroticism,keep median,pearson,solver,num_streamlines,3.5,balanced_accuracy,17,122,100.0,0,65.865,65.741,66.055,58.139,46.39,46.269,41.935,52.496
132,SVC,Conscientiousness,keep median,pearson,solver,mean_FA,3.442,balanced_accuracy,17,120,100.0,0,74.792,75.758,70.732,28.447,55.769,56.716,62.338,46.337
133,SVC,Agreeableness,keep median,pearson,solver,mean_strl,3.328,balanced_accuracy,16,116,100.0,0,100.0,100.0,100.0,0.0,60.851,61.194,69.048,35.957
134,SVC,Extraversion,keep median,pearson,solver,mean_FA,3.299,balanced_accuracy,18,115,100.0,0,96.353,96.364,96.154,95.889,49.546,49.254,46.875,45.735
135,SVC,Openness,keep median,pearson,solver,mean_strl,3.27,balanced_accuracy,17,114,100.0,0,92.138,92.593,91.489,97.621,65.42,59.701,65.823,64.512
136,SVC,Neuroticism,keep median,pearson,solver,mean_strl,3.242,balanced_accuracy,17,113,100.0,0,61.676,61.111,65.574,66.14,50.624,50.746,54.795,46.168
137,SVC,Extraversion,keep median,pearson,solver,mean_FA,3.213,balanced_accuracy,16,112,100.0,0,67.275,67.273,66.038,22.082,34.347,34.328,31.25,60.526
138,SVC,Conscientiousness,keep median,pearson,solver,mean_strl,3.184,balanced_accuracy,16,111,100.0,0,69.871,71.717,63.158,18.937,37.821,35.821,31.746,59.844
139,SVC,Neuroticism,keep median,pearson,solver,mean_FA,3.155,balanced_accuracy,16,110,100.0,0,96.291,96.296,96.154,99.21,61.275,61.194,59.375,59.091
140,SVC,Openness,keep median,pearson,solver,mean_FA,3.127,balanced_accuracy,16,109,100.0,0,84.138,85.185,81.395,98.017,51.417,41.791,43.478,52.664
141,SVC,Conscientiousness,keep median,pearson,solver,num_streamlines,3.098,balanced_accuracy,16,108,100.0,0,87.936,87.879,86.364,92.068,47.024,44.776,41.27,38.645
142,SVC,Openness,keep median,pearson,solver,num_streamlines,3.069,balanced_accuracy,16,107,100.0,0,72.552,74.074,65.0,14.483,53.912,40.299,37.5,48.696
143,SVC,Agreeableness,keep median,pearson,solver,mean_FA,3.041,balanced_accuracy,16,106,100.0,0,98.25,98.261,98.113,98.661,60.904,55.224,59.459,62.234
144,SVC,Agreeableness,keep median,pearson,solver,num_streamlines,2.897,balanced_accuracy,15,101,100.0,0,68.609,70.435,58.537,18.229,54.202,41.791,36.066,50.106
145,SVC,Conscientiousness,keep median,pearson,solver,num_streamlines,2.869,balanced_accuracy,15,100,100.0,0,100.0,100.0,100.0,100.0,45.009,44.776,47.887,42.216
146,SVC,Neuroticism,keep median,pearson,solver,mean_strl,2.84,balanced_accuracy,16,99,100.0,0,92.788,92.593,92.727,97.459,55.258,55.224,54.545,56.952
147,SVC,Agreeableness,keep median,pearson,solver,mean_strl,2.811,balanced_accuracy,15,98,100.0,0,62.173,62.609,58.252,62.477,54.468,52.239,58.974,56.17
148,SVC,Extraversion,keep median,pearson,solver,mean_FA,2.783,balanced_accuracy,15,97,100.0,0,100.0,100.0,100.0,100.0,36.388,34.328,40.541,39.201
149,SVC,Openness,keep median,pearson,solver,mean_FA,2.754,balanced_accuracy,15,96,100.0,0,57.103,59.259,38.889,37.724,50.113,37.313,34.375,43.141
150,SVC,Agreeableness,keep median,pearson,solver,mean_FA,2.725,balanced_accuracy,15,95,100.0,0,81.558,81.739,80.0,90.079,59.84,53.731,57.534,58.83
151,SVC,Neuroticism,keep median,pearson,solver,mean_FA,2.697,balanced_accuracy,15,94,100.0,0,65.179,64.815,67.241,66.93,52.05,52.239,57.895,47.415
152,SVC,Extraversion,keep median,pearson,solver,mean_strl,2.639,balanced_accuracy,15,92,100.0,0,100.0,100.0,100.0,0.0,52.768,55.224,40.0,54.265
153,SVC,Conscientiousness,keep median,pearson,solver,mean_FA,2.61,balanced_accuracy,15,91,100.0,0,51.786,45.455,61.429,38.123,44.093,50.746,66.667,64.927
154,SVC,Agreeableness,keep median,pearson,solver,mean_strl,2.524,balanced_accuracy,14,88,100.0,0,93.533,93.913,93.069,2.435,65.479,65.672,72.941,33.404
155,SVC,Extraversion,keep median,pearson,solver,num_streamlines,2.496,balanced_accuracy,14,87,100.0,0,77.155,77.273,75.728,69.761,48.23,47.761,46.154,43.92
156,SVC,Conscientiousness,keep median,pearson,solver,mean_FA,2.467,balanced_accuracy,14,86,100.0,0,64.701,64.646,61.538,38.164,53.938,52.239,51.515,44.46
157,SVC,Openness,keep median,pearson,solver,mean_FA,2.438,balanced_accuracy,14,85,100.0,0,57.793,59.259,46.341,37.845,51.417,41.791,43.478,43.651
158,SVC,Agreeableness,keep median,pearson,solver,num_streamlines,2.41,balanced_accuracy,14,84,100.0,0,84.647,85.217,82.828,89.653,53.404,50.746,57.143,55.106
159,SVC,Agreeableness,keep median,pearson,solver,mean_FA,2.381,balanced_accuracy,14,83,100.0,0,87.888,87.826,87.037,91.54,57.66,56.716,64.198,50.638
160,SVC,Extraversion,keep median,pearson,solver,mean_FA,2.324,balanced_accuracy,14,81,100.0,0,92.805,92.727,92.453,95.557,58.666,58.209,56.25,53.267
161,SVC,Extraversion,keep median,pearson,solver,mean_strl,2.266,balanced_accuracy,14,79,100.0,0,70.159,70.0,69.725,19.297,45.281,46.269,37.931,56.624
162,SVC,Openness,keep median,pearson,solver,mean_FA,2.18,balanced_accuracy,13,76,100.0,0,61.517,62.963,51.22,62.483,56.236,46.269,48.571,57.143
163,SVC,Conscientiousness,keep median,pearson,solver,mean_strl,2.151,balanced_accuracy,13,75,100.0,0,94.456,94.949,93.976,95.889,48.581,47.761,49.275,51.74
164,SVC,Conscientiousness,keep median,pearson,solver,mean_FA,2.123,balanced_accuracy,13,74,100.0,0,71.221,71.717,67.442,31.478,57.005,55.224,54.545,45.055
165,SVC,Agreeableness,keep median,pearson,solver,mean_strl,2.094,balanced_accuracy,13,73,100.0,0,97.17,97.391,97.087,98.448,48.032,49.254,58.537,55.053
166,SVC,Neuroticism,keep median,pearson,solver,mean_FA,2.065,balanced_accuracy,13,72,100.0,0,88.668,88.889,87.755,95.089,52.317,52.239,50.0,54.813
167,SVC,Openness,keep median,pearson,solver,mean_strl,2.037,balanced_accuracy,13,71,100.0,0,97.138,97.222,96.97,97.655,62.188,62.687,71.264,68.707
168,SVC,Extraversion,keep median,pearson,solver,mean_FA,1.951,balanced_accuracy,13,68,100.0,0,80.603,80.909,78.788,13.694,36.57,37.313,30.0,64.882
169,SVC,Agreeableness,keep median,pearson,solver,mean_FA,1.922,balanced_accuracy,13,67,100.0,0,78.469,78.261,77.477,73.798,57.34,52.239,56.757,55.638
170,SVC,Openness,keep median,pearson,solver,mean_FA,1.865,balanced_accuracy,12,65,100.0,0,74.828,75.926,69.767,85.586,52.721,46.269,51.351,55.556
171,SVC,Agreeableness,keep median,pearson,solver,mean_strl,1.836,balanced_accuracy,12,64,100.0,0,82.502,82.609,81.132,91.494,57.66,56.716,64.198,56.117
172,SVC,Conscientiousness,keep median,pearson,solver,mean_FA,1.807,balanced_accuracy,12,63,100.0,0,73.547,73.737,70.455,30.399,56.502,55.224,55.882,42.674
173,SVC,Neuroticism,keep median,pearson,solver,mean_FA,1.779,balanced_accuracy,12,62,100.0,0,59.066,58.333,64.567,36.933,50.49,50.746,58.228,53.565
174,SVC,Neuroticism,keep median,pearson,solver,num_streamlines,1.75,balanced_accuracy,12,61,100.0,0,99.038,99.074,99.029,0.0,48.262,47.761,22.222,53.966
175,SVC,Extraversion,keep median,pearson,solver,mean_strl,1.721,balanced_accuracy,12,60,100.0,0,93.767,93.636,93.458,5.57,58.848,61.194,48.0,43.557
176,SVC,Openness,keep median,pearson,solver,mean_strl,1.692,balanced_accuracy,12,59,100.0,0,87.414,87.963,86.022,91.966,60.884,58.209,65.854,62.925
177,SVC,Agreeableness,keep median,pearson,solver,mean_FA,1.664,balanced_accuracy,12,58,100.0,0,87.219,86.957,86.486,90.703,54.521,46.269,47.059,59.681
178,SVC,Extraversion,keep median,pearson,solver,mean_FA,1.578,balanced_accuracy,11,55,100.0,0,91.844,91.818,91.429,95.225,52.087,50.746,52.174,52.995
179,SVC,Conscientiousness,keep median,pearson,solver,mean_FA,1.549,balanced_accuracy,11,54,100.0,0,90.615,90.909,89.412,8.098,46.016,44.776,44.776,53.205
180,SVC,Openness,keep median,pearson,solver,mean_strl,1.52,balanced_accuracy,11,53,100.0,0,62.345,62.963,57.447,32.379,54.478,46.269,50.0,48.526
181,SVC,Openness,keep median,pearson,solver,mean_FA,1.492,balanced_accuracy,11,52,100.0,0,61.517,62.963,51.22,63.724,52.438,43.284,45.714,54.875
182,SVC,Agreeableness,keep median,pearson,solver,mean_FA,1.463,balanced_accuracy,11,51,100.0,0,82.243,81.739,81.739,89.394,58.777,52.239,55.556,62.766
183,SVC,Neuroticism,keep median,pearson,solver,mean_strl,1.434,balanced_accuracy,11,50,100.0,0,70.261,70.37,68.627,76.872,50.668,50.746,53.521,50.579
184,SVC,Extraversion,keep median,pearson,solver,mean_strl,1.406,balanced_accuracy,11,49,100.0,0,81.664,81.818,80.392,90.849,49.728,52.239,36.0,42.831
185,SVC,Neuroticism,keep median,pearson,solver,mean_strl,1.291,balanced_accuracy,10,45,100.0,0,89.766,89.815,89.32,90.917,52.317,52.239,50.0,52.184
186,SVC,Openness,keep median,pearson,solver,mean_FA,1.262,balanced_accuracy,10,44,100.0,0,81.931,81.481,81.481,87.276,36.621,43.284,56.818,40.079
187,SVC,Extraversion,keep median,pearson,solver,mean_FA,1.234,balanced_accuracy,10,43,100.0,0,90.02,90.0,89.524,11.605,46.597,47.761,38.596,55.082
188,SVC,Agreeableness,keep median,pearson,solver,mean_FA,1.205,balanced_accuracy,10,42,100.0,0,60.697,60.87,57.944,39.531,42.713,41.791,49.351,50.266
189,SVC,Extraversion,keep median,pearson,solver,mean_strl,1.176,balanced_accuracy,10,41,100.0,0,56.631,56.364,57.143,40.451,43.557,44.776,35.088,61.751
190,SVC,Extraversion,keep median,pearson,solver,num_streamlines,1.147,balanced_accuracy,10,40,100.0,0,63.13,63.636,58.333,31.797,57.441,58.209,51.724,45.281
191,SVC,Conscientiousness,keep median,pearson,solver,mean_FA,1.061,balanced_accuracy,10,37,100.0,0,72.28,74.747,64.789,17.525,49.038,44.776,32.727,47.436
192,SVC,Conscientiousness,keep median,pearson,solver,mean_FA,1.033,balanced_accuracy,9,36,100.0,0,80.876,80.808,78.652,85.507,51.145,50.746,53.521,52.656
193,SVC,Agreeableness,keep median,pearson,solver,mean_FA,1.004,balanced_accuracy,9,35,100.0,0,69.583,69.565,67.89,76.978,56.968,53.731,59.74,52.447
194,SVC,Openness,keep median,pearson,solver,mean_FA,0.975,balanced_accuracy,9,34,100.0,0,55.931,57.407,43.902,62.345,55.215,44.776,46.377,56.009
195,SVC,Conscientiousness,keep median,pearson,solver,mean_strl,0.947,balanced_accuracy,9,33,100.0,0,100.0,100.0,100.0,0.0,47.299,46.269,47.059,58.516
196,SVC,Neuroticism,keep median,pearson,solver,mean_FA,0.918,balanced_accuracy,9,32,100.0,0,66.346,65.741,69.919,67.033,55.08,55.224,59.459,51.783
197,SVC,Openness,keep median,pearson,solver,mean_FA,0.803,balanced_accuracy,8,28,100.0,0,59.207,60.185,51.685,38.155,56.519,49.254,54.054,43.878
198,SVC,Agreeableness,keep median,pearson,solver,mean_FA,0.775,balanced_accuracy,8,27,100.0,0,61.519,60.87,62.185,35.058,59.468,55.224,60.526,41.755
199,SVC,Neuroticism,keep median,pearson,solver,mean_FA,0.746,balanced_accuracy,8,26,100.0,0,55.082,53.704,65.753,38.084,45.722,46.269,60.87,55.57
200,SVC,Extraversion,keep median,pearson,solver,mean_FA,0.717,balanced_accuracy,8,25,100.0,0,76.592,76.364,76.364,82.195,43.875,43.284,42.424,44.238
201,SVC,Openness,keep median,pearson,solver,mean_FA,0.602,balanced_accuracy,7,21,100.0,0,66.828,68.519,56.41,67.138,51.417,41.791,43.478,56.916
202,SVC,Agreeableness,keep median,pearson,solver,mean_FA,0.574,balanced_accuracy,7,20,100.0,0,62.553,64.348,50.602,28.941,51.33,41.791,40.0,52.021
203,SVC,Neuroticism,keep median,pearson,solver,mean_FA,0.545,balanced_accuracy,7,19,100.0,0,63.53,62.963,67.213,33.688,53.565,53.731,58.667,48.173
204,SVC,Agreeableness,keep median,pearson,solver,num_streamlines,0.488,balanced_accuracy,7,17,100.0,0,92.864,93.043,92.308,98.752,50.585,44.776,47.887,54.681
205,SVC,Agreeableness,keep median,pearson,solver,mean_FA,0.43,balanced_accuracy,6,15,100.0,0,61.503,61.739,58.491,30.341,52.713,47.761,52.055,51.17
206,SVC,Openness,keep median,pearson,solver,mean_FA,0.402,balanced_accuracy,6,14,100.0,0,59.207,60.185,51.685,36.569,59.297,50.746,54.795,43.707
207,SVC,Agreeableness,keep median,pearson,solver,mean_FA,0.287,balanced_accuracy,5,10,100.0,0,60.027,60.0,58.182,40.018,46.649,43.284,48.649,51.277
208,SVC,Conscientiousness,keep median,pearson,solver,mean_strl,0.258,balanced_accuracy,5,9,100.0,0,62.292,61.616,60.417,32.35,41.163,40.299,41.176,65.156
209,SVC,Extraversion,keep median,pearson,solver,mean_strl,0.229,balanced_accuracy,5,8,100.0,0,62.931,63.636,56.522,67.125,42.74,44.776,30.189,42.287
210,SVC,Agreeableness,keep median,pearson,solver,mean_FA,0.172,balanced_accuracy,4,6,100.0,0,63.527,63.478,61.818,63.755,54.096,53.731,61.728,54.574
211,SVC,Conscientiousness,keep median,pearson,solver,mean_strl,0.143,balanced_accuracy,4,5,100.0,0,57.371,57.576,53.333,37.583,54.441,52.239,50.0,45.604
212,RF,Openness,test throw median,pearson,solver,mean_FA,4.532,balanced_accuracy,19,158,100.0,0,98.276,98.148,98.039,99.517,55.641,53.704,61.538,55.043
213,RF,Extraversion,test throw median,pearson,solver,num_streamlines,4.475,balanced_accuracy,19,156,100.0,0,100.0,100.0,100.0,100.0,46.562,48.077,37.209,48.203
214,RF,Extraversion,test throw median,pearson,solver,mean_strl,4.418,balanced_accuracy,19,154,100.0,0,100.0,100.0,100.0,100.0,58.438,61.538,47.368,63.281
215,RF,Agreeableness,test throw median,pearson,solver,mean_FA,4.389,balanced_accuracy,19,153,100.0,0,100.0,100.0,100.0,100.0,51.994,46.154,41.667,55.821
216,RF,Conscientiousness,test throw median,pearson,solver,mean_strl,4.36,balanced_accuracy,19,152,100.0,0,100.0,100.0,100.0,100.0,44.714,43.396,28.571,47.857
217,RF,Neuroticism,test throw median,pearson,solver,mean_FA,4.332,balanced_accuracy,19,151,100.0,0,98.077,98.148,98.039,99.382,52.419,52.542,50.0,55.76
218,RF,Openness,test throw median,pearson,solver,mean_strl,4.303,balanced_accuracy,19,150,100.0,0,99.138,99.074,99.01,99.931,52.308,51.852,60.606,47.692
219,RF,Openness,test throw median,pearson,solver,num_streamlines,4.274,balanced_accuracy,19,149,100.0,0,100.0,100.0,100.0,100.0,53.846,48.148,53.333,57.607
220,RF,Neuroticism,test throw median,pearson,solver,mean_strl,4.188,balanced_accuracy,19,146,100.0,0,100.0,100.0,100.0,100.0,53.514,54.237,44.898,60.887
221,RF,Agreeableness,test throw median,pearson,solver,mean_strl,4.131,balanced_accuracy,19,144,100.0,0,100.0,100.0,100.0,100.0,39.234,38.462,42.857,43.062
222,RF,Conscientiousness,test throw median,pearson,solver,mean_FA,4.102,balanced_accuracy,19,143,100.0,0,100.0,100.0,100.0,100.0,44.929,43.396,25.0,39.857
223,RF,Openness,test throw median,pearson,solver,mean_FA,4.073,balanced_accuracy,18,142,100.0,0,97.414,97.222,97.087,99.552,54.359,51.852,59.375,48.034
224,RF,Neuroticism,test throw median,pearson,solver,mean_strl,4.016,balanced_accuracy,18,140,100.0,0,95.192,95.37,94.949,99.622,46.889,47.458,39.216,54.147
225,RF,Conscientiousness,test throw median,pearson,solver,num_streamlines,3.987,balanced_accuracy,18,139,100.0,0,100.0,100.0,100.0,100.0,46.929,45.283,25.641,57.143
226,RF,Agreeableness,test throw median,pearson,solver,mean_FA,3.959,balanced_accuracy,18,138,100.0,0,100.0,100.0,100.0,100.0,51.994,46.154,41.667,58.373
227,RF,Conscientiousness,test throw median,pearson,solver,mean_strl,3.901,balanced_accuracy,18,136,100.0,0,100.0,100.0,100.0,100.0,46.071,45.283,38.298,50.714
228,RF,Openness,test throw median,pearson,solver,mean_strl,3.844,balanced_accuracy,18,134,100.0,0,100.0,100.0,100.0,100.0,53.077,50.0,57.143,54.53
229,RF,Openness,test throw median,pearson,solver,num_streamlines,3.787,balanced_accuracy,17,132,100.0,0,100.0,100.0,100.0,100.0,53.846,48.148,53.333,52.821
230,RF,Neuroticism,test throw median,pearson,solver,mean_FA,3.758,balanced_accuracy,18,131,100.0,0,100.0,100.0,100.0,100.0,54.378,54.237,54.237,57.028
231,RF,Agreeableness,test throw median,pearson,solver,mean_strl,3.729,balanced_accuracy,17,130,100.0,0,100.0,100.0,100.0,100.0,39.952,36.538,35.294,41.148
232,RF,Conscientiousness,test throw median,pearson,solver,mean_FA,3.701,balanced_accuracy,18,129,100.0,0,100.0,100.0,100.0,100.0,49.143,47.17,22.222,42.0
233,RF,Neuroticism,test throw median,pearson,solver,mean_FA,3.643,balanced_accuracy,17,127,100.0,0,97.115,97.222,97.03,99.897,54.551,54.237,55.738,52.189
234,RF,Agreeableness,test throw median,pearson,solver,mean_strl,3.614,balanced_accuracy,18,126,100.0,0,100.0,100.0,100.0,100.0,49.043,48.077,52.632,44.338
235,RF,Extraversion,test throw median,pearson,solver,mean_strl,3.557,balanced_accuracy,17,124,100.0,0,100.0,100.0,100.0,100.0,61.562,65.385,50.0,52.422
236,RF,Agreeableness,test throw median,pearson,solver,mean_FA,3.528,balanced_accuracy,17,123,100.0,0,100.0,100.0,100.0,100.0,57.656,51.923,48.98,58.214
237,RF,Neuroticism,test throw median,pearson,solver,num_streamlines,3.5,balanced_accuracy,17,122,100.0,0,100.0,100.0,100.0,100.0,58.007,59.322,42.857,54.724
238,RF,Conscientiousness,test throw median,pearson,solver,mean_FA,3.442,balanced_accuracy,17,120,100.0,0,100.0,100.0,100.0,100.0,36.286,35.849,32.0,38.143
239,RF,Agreeableness,test throw median,pearson,solver,mean_strl,3.328,balanced_accuracy,16,116,100.0,0,100.0,100.0,100.0,100.0,43.7,38.462,33.333,42.265
240,RF,Extraversion,test throw median,pearson,solver,mean_FA,3.299,balanced_accuracy,18,115,100.0,0,100.0,100.0,100.0,100.0,39.062,42.308,25.0,37.656
241,RF,Openness,test throw median,pearson,solver,mean_strl,3.27,balanced_accuracy,17,114,100.0,0,100.0,100.0,100.0,100.0,50.513,46.296,52.459,52.479
242,RF,Neuroticism,test throw median,pearson,solver,mean_strl,3.242,balanced_accuracy,17,113,100.0,0,100.0,100.0,100.0,100.0,46.544,47.458,34.043,52.995
243,RF,Extraversion,test throw median,pearson,solver,mean_FA,3.213,balanced_accuracy,16,112,100.0,0,99.038,99.091,99.029,100.0,47.188,50.0,35.0,51.25
244,RF,Conscientiousness,test throw median,pearson,solver,mean_strl,3.184,balanced_accuracy,16,111,100.0,0,100.0,100.0,100.0,100.0,49.143,47.17,22.222,45.0
245,RF,Neuroticism,test throw median,pearson,solver,mean_FA,3.155,balanced_accuracy,16,110,100.0,0,100.0,100.0,100.0,100.0,62.788,62.712,62.069,59.908
246,RF,Openness,test throw median,pearson,solver,mean_FA,3.127,balanced_accuracy,16,109,100.0,0,98.276,98.148,98.039,99.69,59.744,53.704,59.016,57.436
247,RF,Conscientiousness,test throw median,pearson,solver,num_streamlines,3.098,balanced_accuracy,16,108,100.0,0,100.0,100.0,100.0,100.0,57.643,56.604,48.889,60.143
248,RF,Openness,test throw median,pearson,solver,num_streamlines,3.069,balanced_accuracy,16,107,100.0,0,100.0,100.0,100.0,100.0,53.333,44.444,46.429,52.991
249,RF,Agreeableness,test throw median,pearson,solver,mean_FA,3.041,balanced_accuracy,16,106,100.0,0,100.0,100.0,100.0,100.0,53.11,46.154,39.13,48.804
250,RF,Agreeableness,test throw median,pearson,solver,num_streamlines,2.897,balanced_accuracy,15,101,100.0,0,99.057,99.13,99.048,100.0,56.14,50.0,45.833,51.037
251,RF,Conscientiousness,test throw median,pearson,solver,num_streamlines,2.869,balanced_accuracy,15,100,100.0,0,100.0,100.0,100.0,100.0,59.857,58.491,47.619,55.714
252,RF,Neuroticism,test throw median,pearson,solver,mean_strl,2.84,balanced_accuracy,16,99,100.0,0,100.0,100.0,100.0,100.0,41.532,42.373,29.167,49.712
253,RF,Agreeableness,test throw median,pearson,solver,mean_strl,2.811,balanced_accuracy,15,98,100.0,0,99.057,99.13,99.048,100.0,50.877,46.154,44.0,48.485
254,RF,Extraversion,test throw median,pearson,solver,mean_FA,2.783,balanced_accuracy,15,97,100.0,0,100.0,100.0,100.0,100.0,52.188,53.846,42.857,60.625
255,RF,Openness,test throw median,pearson,solver,mean_FA,2.754,balanced_accuracy,15,96,100.0,0,98.276,98.148,98.039,99.172,51.795,48.148,54.839,49.402
256,RF,Agreeableness,test throw median,pearson,solver,mean_FA,2.725,balanced_accuracy,15,95,100.0,0,100.0,100.0,100.0,100.0,35.008,28.846,17.778,30.781
257,RF,Neuroticism,test throw median,pearson,solver,mean_FA,2.697,balanced_accuracy,15,94,100.0,0,96.154,96.296,96.0,99.519,45.968,45.763,46.667,48.618
258,RF,Extraversion,test throw median,pearson,solver,mean_strl,2.639,balanced_accuracy,15,92,100.0,0,100.0,100.0,100.0,100.0,52.188,53.846,42.857,52.813
259,RF,Conscientiousness,test throw median,pearson,solver,mean_FA,2.61,balanced_accuracy,15,91,100.0,0,100.0,100.0,100.0,100.0,46.929,45.283,25.641,45.0
260,RF,Agreeableness,test throw median,pearson,solver,mean_strl,2.524,balanced_accuracy,14,88,100.0,0,100.0,100.0,100.0,100.0,55.024,50.0,48.0,55.024
261,RF,Extraversion,test throw median,pearson,solver,num_streamlines,2.496,balanced_accuracy,14,87,100.0,0,100.0,100.0,100.0,100.0,60.938,63.462,51.282,53.594
262,RF,Conscientiousness,test throw median,pearson,solver,mean_FA,2.467,balanced_accuracy,14,86,100.0,0,100.0,100.0,100.0,100.0,45.857,45.283,40.816,44.143
263,RF,Openness,test throw median,pearson,solver,mean_FA,2.438,balanced_accuracy,14,85,100.0,0,97.276,97.222,97.03,99.897,50.513,46.296,52.459,47.35
264,RF,Agreeableness,test throw median,pearson,solver,num_streamlines,2.41,balanced_accuracy,14,84,100.0,0,100.0,100.0,100.0,100.0,57.257,50.0,43.478,64.673
265,RF,Agreeableness,test throw median,pearson,solver,mean_FA,2.381,balanced_accuracy,14,83,100.0,0,100.0,100.0,100.0,100.0,60.686,55.769,54.902,69.856
266,RF,Extraversion,test throw median,pearson,solver,mean_FA,2.324,balanced_accuracy,14,81,100.0,0,100.0,100.0,100.0,100.0,47.5,48.077,40.0,40.469
267,RF,Extraversion,test throw median,pearson,solver,mean_strl,2.266,balanced_accuracy,14,79,100.0,0,100.0,100.0,100.0,100.0,49.375,53.846,33.333,50.469
268,RF,Openness,test throw median,pearson,solver,mean_FA,2.18,balanced_accuracy,13,76,100.0,0,100.0,100.0,100.0,100.0,54.359,51.852,59.375,54.53
269,RF,Conscientiousness,test throw median,pearson,solver,mean_strl,2.151,balanced_accuracy,13,75,100.0,0,100.0,100.0,100.0,100.0,52.929,50.943,27.778,45.286
270,RF,Conscientiousness,test throw median,pearson,solver,mean_FA,2.123,balanced_accuracy,13,74,100.0,0,100.0,100.0,100.0,100.0,43.857,43.396,40.0,42.429
271,RF,Agreeableness,test throw median,pearson,solver,mean_strl,2.094,balanced_accuracy,13,73,100.0,0,98.113,98.261,98.077,100.0,44.099,40.385,39.216,37.64
272,RF,Neuroticism,test throw median,pearson,solver,mean_FA,2.065,balanced_accuracy,13,72,100.0,0,99.038,99.074,99.029,100.0,54.032,54.237,50.909,52.88
273,RF,Openness,test throw median,pearson,solver,mean_strl,2.037,balanced_accuracy,13,71,100.0,0,100.0,100.0,100.0,100.0,51.026,50.0,58.462,51.111
274,RF,Extraversion,test throw median,pearson,solver,mean_FA,1.951,balanced_accuracy,13,68,100.0,0,100.0,100.0,100.0,100.0,44.062,46.154,33.333,38.75
275,RF,Agreeableness,test throw median,pearson,solver,mean_FA,1.922,balanced_accuracy,13,67,100.0,0,100.0,100.0,100.0,100.0,63.716,59.615,60.377,60.367
276,RF,Openness,test throw median,pearson,solver,mean_FA,1.865,balanced_accuracy,12,65,100.0,0,100.0,100.0,100.0,100.0,56.41,51.852,58.065,54.103
277,RF,Agreeableness,test throw median,pearson,solver,mean_strl,1.836,balanced_accuracy,12,64,100.0,0,100.0,100.0,100.0,100.0,53.907,50.0,50.0,54.226
278,RF,Conscientiousness,test throw median,pearson,solver,mean_FA,1.807,balanced_accuracy,12,63,100.0,0,100.0,100.0,100.0,100.0,43.857,43.396,40.0,39.0
279,RF,Neuroticism,test throw median,pearson,solver,mean_FA,1.779,balanced_accuracy,12,62,100.0,0,100.0,100.0,100.0,100.0,58.871,59.322,53.846,58.065
280,RF,Neuroticism,test throw median,pearson,solver,num_streamlines,1.75,balanced_accuracy,12,61,100.0,0,100.0,100.0,100.0,100.0,59.217,59.322,57.143,60.253
281,RF,Extraversion,test throw median,pearson,solver,mean_strl,1.721,balanced_accuracy,12,60,100.0,0,100.0,100.0,100.0,100.0,53.438,57.692,38.889,50.0
282,RF,Openness,test throw median,pearson,solver,mean_strl,1.692,balanced_accuracy,12,59,100.0,0,97.138,97.222,96.97,99.621,48.462,46.296,53.968,49.744
283,RF,Agreeableness,test throw median,pearson,solver,mean_FA,1.664,balanced_accuracy,12,58,100.0,0,100.0,100.0,100.0,100.0,56.14,50.0,45.833,67.384
284,RF,Extraversion,test throw median,pearson,solver,mean_FA,1.578,balanced_accuracy,11,55,100.0,0,100.0,100.0,100.0,100.0,37.5,40.385,24.39,37.5
285,RF,Conscientiousness,test throw median,pearson,solver,mean_FA,1.549,balanced_accuracy,11,54,100.0,0,99.107,98.99,98.851,100.0,44.929,43.396,25.0,51.714
286,RF,Openness,test throw median,pearson,solver,mean_strl,1.52,balanced_accuracy,11,53,100.0,0,100.0,100.0,100.0,100.0,44.359,46.296,56.716,49.402
287,RF,Openness,test throw median,pearson,solver,mean_FA,1.492,balanced_accuracy,11,52,100.0,0,100.0,100.0,100.0,100.0,46.41,46.296,55.385,44.615
288,RF,Agreeableness,test throw median,pearson,solver,mean_FA,1.463,balanced_accuracy,11,51,100.0,0,100.0,100.0,100.0,100.0,55.024,50.0,48.0,58.373
289,RF,Neuroticism,test throw median,pearson,solver,mean_strl,1.434,balanced_accuracy,11,50,100.0,0,100.0,100.0,100.0,100.0,52.419,52.542,50.0,52.074
290,RF,Extraversion,test throw median,pearson,solver,mean_strl,1.406,balanced_accuracy,11,49,100.0,0,100.0,100.0,100.0,100.0,59.375,61.538,50.0,59.531
291,RF,Neuroticism,test throw median,pearson,solver,mean_strl,1.291,balanced_accuracy,10,45,100.0,0,92.445,92.593,92.0,98.729,50.461,50.847,45.283,52.535
292,RF,Openness,test throw median,pearson,solver,mean_FA,1.262,balanced_accuracy,10,44,100.0,0,98.276,98.148,98.039,99.034,51.282,44.444,48.276,46.838
293,RF,Extraversion,test throw median,pearson,solver,mean_FA,1.234,balanced_accuracy,10,43,100.0,0,100.0,100.0,100.0,100.0,50.938,55.769,34.286,54.375
294,RF,Agreeableness,test throw median,pearson,solver,mean_FA,1.205,balanced_accuracy,10,42,100.0,0,100.0,100.0,100.0,100.0,38.038,32.692,25.532,37.64
295,RF,Extraversion,test throw median,pearson,solver,mean_strl,1.176,balanced_accuracy,10,41,100.0,0,98.176,98.182,98.077,99.967,67.812,67.308,62.222,70.0
296,RF,Extraversion,test throw median,pearson,solver,num_streamlines,1.147,balanced_accuracy,10,40,100.0,0,100.0,100.0,100.0,100.0,60.0,63.462,48.649,65.625
297,RF,Conscientiousness,test throw median,pearson,solver,mean_FA,1.061,balanced_accuracy,10,37,100.0,0,100.0,100.0,100.0,100.0,57.0,56.604,54.902,53.857
298,RF,Conscientiousness,test throw median,pearson,solver,mean_FA,1.033,balanced_accuracy,9,36,100.0,0,100.0,100.0,100.0,100.0,44.071,43.396,37.5,41.0
299,RF,Agreeableness,test throw median,pearson,solver,mean_FA,1.004,balanced_accuracy,9,35,100.0,0,100.0,100.0,100.0,100.0,53.11,46.154,39.13,61.244
300,RF,Openness,test throw median,pearson,solver,mean_FA,0.975,balanced_accuracy,9,34,100.0,0,98.276,98.148,98.039,99.724,55.128,50.0,55.738,52.991
301,RF,Conscientiousness,test throw median,pearson,solver,mean_strl,0.947,balanced_accuracy,9,33,100.0,0,100.0,100.0,100.0,100.0,56.714,54.717,33.333,64.571
302,RF,Neuroticism,test throw median,pearson,solver,mean_FA,0.918,balanced_accuracy,9,32,100.0,0,96.223,96.296,96.078,98.661,52.247,52.542,48.148,56.912
303,RF,Openness,test throw median,pearson,solver,mean_FA,0.803,balanced_accuracy,8,28,100.0,0,99.138,99.074,99.01,100.0,45.897,42.593,49.18,42.906
304,RF,Agreeableness,test throw median,pearson,solver,mean_FA,0.775,balanced_accuracy,8,27,100.0,0,100.0,100.0,100.0,100.0,48.246,44.231,43.137,48.485
305,RF,Neuroticism,test throw median,pearson,solver,mean_FA,0.746,balanced_accuracy,8,26,100.0,0,98.077,98.148,98.039,99.073,52.247,52.542,48.148,57.143
306,RF,Extraversion,test throw median,pearson,solver,mean_FA,0.717,balanced_accuracy,8,25,100.0,0,100.0,100.0,100.0,100.0,51.25,53.846,40.0,58.594
307,RF,Openness,test throw median,pearson,solver,mean_FA,0.602,balanced_accuracy,7,21,100.0,0,100.0,100.0,100.0,100.0,47.949,42.593,47.458,43.077
308,RF,Agreeableness,test throw median,pearson,solver,mean_FA,0.574,balanced_accuracy,7,20,100.0,0,99.057,99.13,99.048,100.0,53.589,53.846,60.0,54.226
309,RF,Neuroticism,test throw median,pearson,solver,mean_FA,0.545,balanced_accuracy,7,19,100.0,0,94.437,94.444,94.231,99.176,60.657,61.017,56.604,61.521
310,RF,Agreeableness,test throw median,pearson,solver,num_streamlines,0.488,balanced_accuracy,7,17,100.0,0,99.057,99.13,99.048,99.909,46.73,42.308,40.0,43.7
311,RF,Agreeableness,test throw median,pearson,solver,mean_FA,0.43,balanced_accuracy,6,15,100.0,0,100.0,100.0,100.0,100.0,43.78,44.231,50.847,50.718
312,RF,Openness,test throw median,pearson,solver,mean_FA,0.402,balanced_accuracy,6,14,100.0,0,97.138,97.222,96.97,99.828,53.077,50.0,57.143,52.991
313,RF,Agreeableness,test throw median,pearson,solver,mean_FA,0.287,balanced_accuracy,5,10,100.0,0,91.251,91.304,90.566,97.611,44.498,42.308,44.444,32.855
314,RF,Conscientiousness,test throw median,pearson,solver,mean_strl,0.258,balanced_accuracy,5,9,100.0,0,100.0,100.0,100.0,100.0,34.929,33.962,22.222,34.214
315,RF,Extraversion,test throw median,pearson,solver,mean_strl,0.229,balanced_accuracy,5,8,100.0,0,99.138,99.091,99.048,99.967,45.0,46.154,36.364,43.906
316,RF,Agreeableness,test throw median,pearson,solver,mean_FA,0.172,balanced_accuracy,4,6,100.0,0,99.057,99.13,99.048,99.909,51.675,50.0,53.571,60.128
317,RF,Conscientiousness,test throw median,pearson,solver,mean_strl,0.143,balanced_accuracy,4,5,100.0,0,94.726,94.949,94.118,98.214,55.429,54.717,50.0,48.143
318,RF,Openness,keep median,pearson,solver,mean_FA,4.532,balanced_accuracy,19,158,100.0,0,98.276,98.148,98.039,99.586,54.762,49.254,55.263,52.154
319,RF,Extraversion,keep median,pearson,solver,num_streamlines,4.475,balanced_accuracy,19,156,100.0,0,100.0,100.0,100.0,100.0,41.833,43.284,32.143,43.285
320,RF,Extraversion,keep median,pearson,solver,mean_strl,4.418,balanced_accuracy,19,154,100.0,0,100.0,100.0,100.0,100.0,45.463,49.254,22.727,38.203
321,RF,Agreeableness,keep median,pearson,solver,mean_FA,4.389,balanced_accuracy,19,153,100.0,0,100.0,100.0,100.0,100.0,55.213,49.254,52.778,52.553
322,RF,Conscientiousness,keep median,pearson,solver,mean_strl,4.36,balanced_accuracy,19,152,100.0,0,100.0,100.0,100.0,100.0,42.17,40.299,37.5,34.89
323,RF,Neuroticism,keep median,pearson,solver,mean_FA,4.332,balanced_accuracy,19,151,100.0,0,100.0,100.0,100.0,100.0,47.683,47.761,50.704,49.064
324,RF,Openness,keep median,pearson,solver,mean_strl,4.303,balanced_accuracy,19,150,100.0,0,100.0,100.0,100.0,100.0,58.844,55.224,62.5,63.719
325,RF,Openness,keep median,pearson,solver,num_streamlines,4.274,balanced_accuracy,19,149,100.0,0,100.0,100.0,100.0,100.0,44.841,37.313,40.0,43.651
326,RF,Neuroticism,keep median,pearson,solver,mean_strl,4.188,balanced_accuracy,19,146,100.0,0,100.0,100.0,100.0,100.0,44.92,44.776,39.344,49.198
327,RF,Agreeableness,keep median,pearson,solver,mean_strl,4.131,balanced_accuracy,19,144,100.0,0,100.0,100.0,100.0,100.0,59.149,50.746,52.174,60.798
328,RF,Conscientiousness,keep median,pearson,solver,mean_FA,4.102,balanced_accuracy,19,143,100.0,0,100.0,100.0,100.0,100.0,42.17,40.299,37.5,41.575
329,RF,Openness,keep median,pearson,solver,mean_FA,4.073,balanced_accuracy,18,142,100.0,0,100.0,100.0,100.0,100.0,52.721,46.269,51.351,54.308
330,RF,Neuroticism,keep median,pearson,solver,mean_strl,4.016,balanced_accuracy,18,140,100.0,0,95.192,95.37,94.949,99.657,56.774,56.716,55.385,55.971
331,RF,Conscientiousness,keep median,pearson,solver,num_streamlines,3.987,balanced_accuracy,18,139,100.0,0,100.0,100.0,100.0,100.0,51.099,47.761,40.678,53.846
332,RF,Agreeableness,keep median,pearson,solver,mean_FA,3.959,balanced_accuracy,18,138,100.0,0,100.0,100.0,100.0,100.0,61.277,53.731,56.338,58.404
333,RF,Conscientiousness,keep median,pearson,solver,mean_strl,3.901,balanced_accuracy,18,136,100.0,0,100.0,100.0,100.0,100.0,37.042,34.328,26.667,36.722
334,RF,Openness,keep median,pearson,solver,mean_strl,3.844,balanced_accuracy,18,134,100.0,0,100.0,100.0,100.0,100.0,54.308,53.731,62.651,59.297
335,RF,Openness,keep median,pearson,solver,num_streamlines,3.787,balanced_accuracy,17,132,100.0,0,100.0,100.0,100.0,100.0,50.68,43.284,47.222,44.444
336,RF,Neuroticism,keep median,pearson,solver,mean_FA,3.758,balanced_accuracy,18,131,100.0,0,97.115,97.222,97.03,99.76,55.169,55.224,57.143,51.604
337,RF,Agreeableness,keep median,pearson,solver,mean_strl,3.729,balanced_accuracy,17,130,100.0,0,100.0,100.0,100.0,100.0,63.404,56.716,60.274,70.479
338,RF,Conscientiousness,keep median,pearson,solver,mean_FA,3.701,balanced_accuracy,18,129,100.0,0,100.0,100.0,100.0,100.0,49.542,44.776,30.189,56.319
339,RF,Neuroticism,keep median,pearson,solver,mean_FA,3.643,balanced_accuracy,17,127,100.0,0,98.077,98.148,98.039,100.0,53.788,53.731,52.308,58.556
340,RF,Agreeableness,keep median,pearson,solver,mean_strl,3.614,balanced_accuracy,18,126,100.0,0,100.0,100.0,100.0,100.0,61.277,53.731,56.338,62.181
341,RF,Extraversion,keep median,pearson,solver,mean_strl,3.557,balanced_accuracy,17,124,100.0,0,100.0,100.0,100.0,100.0,37.976,40.299,23.077,41.561
342,RF,Agreeableness,keep median,pearson,solver,mean_FA,3.528,balanced_accuracy,17,123,100.0,0,100.0,100.0,100.0,100.0,55.585,47.761,49.275,56.277
343,RF,Neuroticism,keep median,pearson,solver,num_streamlines,3.5,balanced_accuracy,17,122,100.0,0,100.0,100.0,100.0,100.0,40.642,40.299,23.077,40.998
344,RF,Conscientiousness,keep median,pearson,solver,mean_FA,3.442,balanced_accuracy,17,120,100.0,0,100.0,100.0,100.0,100.0,50.595,47.761,42.623,50.458
345,RF,Agreeableness,keep median,pearson,solver,mean_strl,3.328,balanced_accuracy,16,116,100.0,0,100.0,100.0,100.0,100.0,58.085,49.254,50.0,65.745
346,RF,Extraversion,keep median,pearson,solver,mean_FA,3.299,balanced_accuracy,18,115,100.0,0,100.0,100.0,100.0,100.0,41.425,43.284,29.63,46.915
347,RF,Openness,keep median,pearson,solver,mean_strl,3.27,balanced_accuracy,17,114,100.0,0,100.0,100.0,100.0,100.0,55.782,50.746,57.143,61.338
348,RF,Neuroticism,keep median,pearson,solver,mean_strl,3.242,balanced_accuracy,17,113,100.0,0,100.0,100.0,100.0,100.0,50.98,50.746,42.105,50.267
349,RF,Extraversion,keep median,pearson,solver,mean_FA,3.213,balanced_accuracy,16,112,100.0,0,99.038,99.091,99.029,100.0,45.372,47.761,31.373,45.463
350,RF,Conscientiousness,keep median,pearson,solver,mean_strl,3.184,balanced_accuracy,16,111,100.0,0,99.107,98.99,98.851,100.0,46.474,41.791,26.415,38.645
351,RF,Neuroticism,keep median,pearson,solver,mean_FA,3.155,balanced_accuracy,16,110,100.0,0,95.33,95.37,95.146,99.21,52.139,52.239,55.556,51.159
352,RF,Openness,keep median,pearson,solver,mean_FA,3.127,balanced_accuracy,16,109,100.0,0,100.0,100.0,100.0,100.0,50.964,46.269,52.632,54.195
353,RF,Conscientiousness,keep median,pearson,solver,num_streamlines,3.098,balanced_accuracy,16,108,100.0,0,100.0,100.0,100.0,100.0,59.799,56.716,52.459,55.952
354,RF,Openness,keep median,pearson,solver,num_streamlines,3.069,balanced_accuracy,16,107,100.0,0,100.0,100.0,100.0,100.0,43.821,35.821,37.681,38.095
355,RF,Agreeableness,keep median,pearson,solver,mean_FA,3.041,balanced_accuracy,16,106,100.0,0,99.057,99.13,99.048,100.0,53.085,46.269,48.571,52.766
356,RF,Agreeableness,keep median,pearson,solver,num_streamlines,2.897,balanced_accuracy,15,101,100.0,0,100.0,100.0,100.0,100.0,45.585,41.791,46.575,42.766
357,RF,Conscientiousness,keep median,pearson,solver,num_streamlines,2.869,balanced_accuracy,15,100,100.0,0,100.0,100.0,100.0,100.0,46.245,43.284,36.667,50.366
358,RF,Neuroticism,keep median,pearson,solver,mean_strl,2.84,balanced_accuracy,16,99,100.0,0,100.0,100.0,100.0,100.0,59.848,59.701,55.738,53.253
359,RF,Agreeableness,keep median,pearson,solver,mean_strl,2.811,balanced_accuracy,15,98,100.0,0,98.113,98.261,98.077,99.635,56.277,50.746,54.795,57.766
360,RF,Extraversion,keep median,pearson,solver,mean_FA,2.783,balanced_accuracy,15,97,100.0,0,100.0,100.0,100.0,100.0,40.608,43.284,24.0,34.574
361,RF,Openness,keep median,pearson,solver,mean_FA,2.754,balanced_accuracy,15,96,100.0,0,100.0,100.0,100.0,100.0,57.086,55.224,63.415,54.875
362,RF,Agreeableness,keep median,pearson,solver,mean_FA,2.725,balanced_accuracy,15,95,100.0,0,99.057,99.13,99.048,100.0,59.521,49.254,48.485,50.426
363,RF,Neuroticism,keep median,pearson,solver,mean_FA,2.697,balanced_accuracy,15,94,100.0,0,99.038,99.074,99.029,100.0,55.125,55.224,58.333,48.039
364,RF,Extraversion,keep median,pearson,solver,mean_strl,2.639,balanced_accuracy,15,92,100.0,0,100.0,100.0,100.0,100.0,42.332,44.776,27.451,44.601
365,RF,Conscientiousness,keep median,pearson,solver,mean_FA,2.61,balanced_accuracy,15,91,100.0,0,100.0,100.0,100.0,100.0,49.313,46.269,40.0,46.337
366,RF,Agreeableness,keep median,pearson,solver,mean_strl,2.524,balanced_accuracy,14,88,100.0,0,100.0,100.0,100.0,100.0,61.277,53.731,56.338,63.404
367,RF,Extraversion,keep median,pearson,solver,num_streamlines,2.496,balanced_accuracy,14,87,100.0,0,100.0,100.0,100.0,100.0,44.873,46.269,35.714,44.555
368,RF,Conscientiousness,keep median,pearson,solver,mean_FA,2.467,balanced_accuracy,14,86,100.0,0,100.0,100.0,100.0,100.0,45.742,43.284,38.71,45.971
369,RF,Openness,keep median,pearson,solver,mean_FA,2.438,balanced_accuracy,14,85,100.0,0,99.0,99.074,98.99,100.0,51.247,49.254,57.5,50.454
370,RF,Agreeableness,keep median,pearson,solver,num_streamlines,2.41,balanced_accuracy,14,84,100.0,0,100.0,100.0,100.0,100.0,52.394,43.284,42.424,49.043
371,RF,Agreeableness,keep median,pearson,solver,mean_FA,2.381,balanced_accuracy,14,83,100.0,0,100.0,100.0,100.0,100.0,60.213,52.239,54.286,60.745
372,RF,Extraversion,keep median,pearson,solver,mean_FA,2.324,balanced_accuracy,14,81,100.0,0,100.0,100.0,100.0,100.0,49.229,50.746,40.0,46.007
373,RF,Extraversion,keep median,pearson,solver,mean_strl,2.266,balanced_accuracy,14,79,100.0,0,100.0,100.0,100.0,100.0,44.873,46.269,35.714,41.924
374,RF,Openness,keep median,pearson,solver,mean_FA,2.18,balanced_accuracy,13,76,100.0,0,97.138,97.222,96.97,99.103,55.499,47.761,52.055,59.524
375,RF,Conscientiousness,keep median,pearson,solver,mean_strl,2.151,balanced_accuracy,13,75,100.0,0,100.0,100.0,100.0,100.0,47.253,43.284,32.143,47.344
376,RF,Conscientiousness,keep median,pearson,solver,mean_FA,2.123,balanced_accuracy,13,74,100.0,0,100.0,100.0,100.0,100.0,48.306,46.269,43.75,40.842
377,RF,Agreeableness,keep median,pearson,solver,mean_strl,2.094,balanced_accuracy,13,73,100.0,0,100.0,100.0,100.0,100.0,63.404,56.716,60.274,62.34
378,RF,Neuroticism,keep median,pearson,solver,mean_FA,2.065,balanced_accuracy,13,72,100.0,0,100.0,100.0,100.0,100.0,52.228,52.239,52.941,50.98
379,RF,Openness,keep median,pearson,solver,mean_strl,2.037,balanced_accuracy,13,71,100.0,0,98.138,98.148,98.0,99.69,56.066,53.731,61.728,55.442
380,RF,Extraversion,keep median,pearson,solver,mean_FA,1.951,balanced_accuracy,13,68,100.0,0,100.0,100.0,100.0,100.0,46.189,47.761,36.364,50.318
381,RF,Agreeableness,keep median,pearson,solver,mean_FA,1.922,balanced_accuracy,13,67,100.0,0,100.0,100.0,100.0,100.0,51.277,47.761,53.333,54.681
382,RF,Openness,keep median,pearson,solver,mean_FA,1.865,balanced_accuracy,12,65,100.0,0,100.0,100.0,100.0,100.0,55.782,50.746,57.143,52.664
383,RF,Agreeableness,keep median,pearson,solver,mean_strl,1.836,balanced_accuracy,12,64,100.0,0,100.0,100.0,100.0,100.0,65.532,59.701,64.0,64.309
384,RF,Conscientiousness,keep median,pearson,solver,mean_FA,1.807,balanced_accuracy,12,63,100.0,0,100.0,100.0,100.0,100.0,44.734,43.284,42.424,44.048
385,RF,Neuroticism,keep median,pearson,solver,mean_FA,1.779,balanced_accuracy,12,62,100.0,0,99.038,99.074,99.029,100.0,47.995,47.761,38.596,48.128
386,RF,Neuroticism,keep median,pearson,solver,num_streamlines,1.75,balanced_accuracy,12,61,100.0,0,100.0,100.0,100.0,100.0,41.889,41.791,38.095,40.374
387,RF,Extraversion,keep median,pearson,solver,mean_strl,1.721,balanced_accuracy,12,60,100.0,0,100.0,100.0,100.0,100.0,53.675,56.716,38.298,52.722
388,RF,Openness,keep median,pearson,solver,mean_strl,1.692,balanced_accuracy,12,59,100.0,0,100.0,100.0,100.0,100.0,58.844,55.224,62.5,60.204
389,RF,Agreeableness,keep median,pearson,solver,mean_FA,1.664,balanced_accuracy,12,58,100.0,0,100.0,100.0,100.0,100.0,55.585,47.761,49.275,55.0
390,RF,Extraversion,keep median,pearson,solver,mean_FA,1.578,balanced_accuracy,11,55,100.0,0,99.038,99.091,99.029,100.0,42.332,44.776,27.451,42.559
391,RF,Conscientiousness,keep median,pearson,solver,mean_FA,1.549,balanced_accuracy,11,54,100.0,0,100.0,100.0,100.0,100.0,52.381,49.254,43.333,55.952
392,RF,Openness,keep median,pearson,solver,mean_strl,1.52,balanced_accuracy,11,53,100.0,0,99.138,99.074,99.01,99.793,55.045,52.239,60.0,57.823
393,RF,Openness,keep median,pearson,solver,mean_FA,1.492,balanced_accuracy,11,52,100.0,0,99.138,99.074,99.01,100.0,45.408,43.284,51.282,48.639
394,RF,Agreeableness,keep median,pearson,solver,mean_FA,1.463,balanced_accuracy,11,51,100.0,0,100.0,100.0,100.0,100.0,55.585,47.761,49.275,55.319
395,RF,Neuroticism,keep median,pearson,solver,mean_strl,1.434,balanced_accuracy,11,50,100.0,0,95.192,95.37,94.949,99.004,49.332,49.254,46.875,50.713
396,RF,Extraversion,keep median,pearson,solver,mean_strl,1.406,balanced_accuracy,11,49,100.0,0,100.0,100.0,100.0,100.0,42.332,44.776,27.451,41.107
397,RF,Neuroticism,keep median,pearson,solver,mean_strl,1.291,balanced_accuracy,10,45,100.0,0,97.115,97.222,97.03,99.073,53.877,53.731,49.18,52.852
398,RF,Openness,keep median,pearson,solver,mean_FA,1.262,balanced_accuracy,10,44,100.0,0,98.276,98.148,98.039,99.31,48.639,40.299,42.857,46.599
399,RF,Extraversion,keep median,pearson,solver,mean_FA,1.234,balanced_accuracy,10,43,100.0,0,100.0,100.0,100.0,100.0,49.319,52.239,33.333,47.096
400,RF,Agreeableness,keep median,pearson,solver,mean_FA,1.205,balanced_accuracy,10,42,100.0,0,99.057,99.13,99.048,100.0,58.404,53.731,58.667,58.404
401,RF,Extraversion,keep median,pearson,solver,mean_strl,1.176,balanced_accuracy,10,41,100.0,0,100.0,100.0,100.0,100.0,36.978,37.313,32.258,36.706
402,RF,Extraversion,keep median,pearson,solver,num_streamlines,1.147,balanced_accuracy,10,40,100.0,0,99.038,99.091,99.029,100.0,53.176,55.224,42.308,56.715
403,RF,Conscientiousness,keep median,pearson,solver,mean_FA,1.061,balanced_accuracy,10,37,100.0,0,100.0,100.0,100.0,100.0,53.663,50.746,45.902,55.311
404,RF,Conscientiousness,keep median,pearson,solver,mean_FA,1.033,balanced_accuracy,9,36,100.0,0,100.0,100.0,100.0,100.0,45.238,43.284,40.625,48.626
405,RF,Agreeableness,keep median,pearson,solver,mean_FA,1.004,balanced_accuracy,9,35,100.0,0,100.0,100.0,100.0,100.0,54.149,47.761,50.704,61.862
406,RF,Openness,keep median,pearson,solver,mean_FA,0.975,balanced_accuracy,9,34,100.0,0,100.0,100.0,100.0,100.0,53.741,47.761,53.333,51.927
407,RF,Conscientiousness,keep median,pearson,solver,mean_strl,0.947,balanced_accuracy,9,33,100.0,0,97.674,97.98,97.619,99.958,53.892,49.254,37.037,45.513
408,RF,Neuroticism,keep median,pearson,solver,mean_FA,0.918,balanced_accuracy,9,32,100.0,0,93.407,93.519,93.069,97.356,62.701,62.687,62.687,60.784
409,RF,Openness,keep median,pearson,solver,mean_FA,0.803,balanced_accuracy,8,28,100.0,0,98.276,98.148,98.039,99.034,53.458,44.776,47.887,53.288
410,RF,Agreeableness,keep median,pearson,solver,mean_FA,0.775,balanced_accuracy,8,27,100.0,0,100.0,100.0,100.0,100.0,53.457,44.776,44.776,57.34
411,RF,Neuroticism,keep median,pearson,solver,mean_FA,0.746,balanced_accuracy,8,26,100.0,0,100.0,100.0,100.0,100.0,55.348,55.224,51.613,56.595
412,RF,Extraversion,keep median,pearson,solver,mean_FA,0.717,balanced_accuracy,8,25,100.0,0,100.0,100.0,100.0,100.0,42.241,43.284,34.483,44.283
413,RF,Openness,keep median,pearson,solver,mean_FA,0.602,balanced_accuracy,7,21,100.0,0,99.138,99.074,99.01,99.966,45.408,43.284,51.282,47.166
414,RF,Agreeableness,keep median,pearson,solver,mean_FA,0.574,balanced_accuracy,7,20,100.0,0,100.0,100.0,100.0,100.0,48.085,43.284,47.222,48.617
415,RF,Neuroticism,keep median,pearson,solver,mean_FA,0.545,balanced_accuracy,7,19,100.0,0,97.253,97.222,97.143,99.141,53.788,53.731,52.308,54.902
416,RF,Agreeableness,keep median,pearson,solver,num_streamlines,0.488,balanced_accuracy,7,17,100.0,0,98.25,98.261,98.113,99.939,51.277,47.761,53.333,50.319
417,RF,Agreeableness,keep median,pearson,solver,mean_FA,0.43,balanced_accuracy,6,15,100.0,0,98.113,98.261,98.077,99.452,49.149,44.776,49.315,48.936
418,RF,Openness,keep median,pearson,solver,mean_FA,0.402,balanced_accuracy,6,14,100.0,0,96.414,96.296,96.078,97.793,52.721,46.269,51.351,52.268
419,RF,Agreeableness,keep median,pearson,solver,mean_FA,0.287,balanced_accuracy,5,10,100.0,0,93.533,93.913,93.069,98.722,50.957,43.284,44.118,52.872
420,RF,Conscientiousness,keep median,pearson,solver,mean_strl,0.258,balanced_accuracy,5,9,100.0,0,100.0,100.0,100.0,100.0,49.313,46.269,40.0,48.672
421,RF,Extraversion,keep median,pearson,solver,mean_strl,0.229,balanced_accuracy,5,8,100.0,0,100.0,100.0,100.0,100.0,49.637,50.746,42.105,43.24
422,RF,Agreeableness,keep median,pearson,solver,mean_FA,0.172,balanced_accuracy,4,6,100.0,0,100.0,100.0,100.0,100.0,46.649,43.284,48.649,53.245
423,RF,Conscientiousness,keep median,pearson,solver,mean_strl,0.143,balanced_accuracy,4,5,100.0,0,99.107,98.99,98.851,99.958,53.159,50.746,47.619,48.352
424,MLP,Openness,test throw median,pearson,solver,mean_FA,4.532,balanced_accuracy,19,158,100.0,0,80.552,81.481,77.273,89.655,49.487,38.889,37.736,47.35
425,MLP,Extraversion,test throw median,pearson,solver,num_streamlines,4.475,balanced_accuracy,19,156,100.0,0,78.78,79.091,76.768,88.462,49.688,51.923,39.024,49.219
426,MLP,Extraversion,test throw median,pearson,solver,mean_strl,4.418,balanced_accuracy,19,154,100.0,0,100.0,100.0,100.0,100.0,55.937,59.615,43.243,60.781
427,MLP,Agreeableness,test throw median,pearson,solver,mean_FA,4.389,balanced_accuracy,19,153,100.0,0,79.26,80.0,76.289,87.34,58.453,55.769,58.182,49.601
428,MLP,Conscientiousness,test throw median,pearson,solver,mean_strl,4.36,balanced_accuracy,19,152,100.0,0,79.88,81.818,75.676,90.199,45.429,45.283,45.283,43.857
429,MLP,Neuroticism,test throw median,pearson,solver,mean_FA,4.332,balanced_accuracy,19,151,100.0,0,79.602,79.63,78.846,85.577,52.765,52.542,53.333,59.677
430,MLP,Openness,test throw median,pearson,solver,mean_strl,4.303,balanced_accuracy,19,150,100.0,0,77.655,77.778,76.0,88.241,60.256,57.407,64.615,57.949
431,MLP,Openness,test throw median,pearson,solver,num_streamlines,4.274,balanced_accuracy,19,149,100.0,0,81.103,81.481,79.167,92.138,44.615,40.741,46.667,42.051
432,MLP,Neuroticism,test throw median,pearson,solver,mean_strl,4.188,balanced_accuracy,19,146,100.0,0,85.165,85.185,84.615,91.587,54.032,54.237,50.909,55.991
433,MLP,Agreeableness,test throw median,pearson,solver,mean_strl,4.131,balanced_accuracy,19,144,100.0,0,71.181,72.174,65.957,80.189,54.306,51.923,54.545,50.718
434,MLP,Conscientiousness,test throw median,pearson,solver,mean_FA,4.102,balanced_accuracy,19,143,100.0,0,80.15,81.818,76.316,94.518,39.143,37.736,19.512,38.286
435,MLP,Openness,test throw median,pearson,solver,mean_FA,4.073,balanced_accuracy,18,142,100.0,0,75.517,75.926,72.917,84.138,50.513,46.296,52.459,37.949
436,MLP,Neuroticism,test throw median,pearson,solver,mean_strl,4.016,balanced_accuracy,18,140,100.0,0,81.319,81.481,80.0,87.981,59.217,59.322,57.143,58.641
437,MLP,Conscientiousness,test throw median,pearson,solver,num_streamlines,3.987,balanced_accuracy,18,139,100.0,0,100.0,100.0,100.0,100.0,48.071,47.17,39.13,46.429
438,MLP,Agreeableness,test throw median,pearson,solver,mean_FA,3.959,balanced_accuracy,18,138,100.0,0,100.0,100.0,100.0,100.0,57.337,55.769,59.649,56.3
439,MLP,Conscientiousness,test throw median,pearson,solver,mean_strl,3.901,balanced_accuracy,18,136,100.0,0,100.0,100.0,100.0,100.0,47.214,47.17,48.148,43.143
440,MLP,Openness,test throw median,pearson,solver,mean_strl,3.844,balanced_accuracy,18,134,100.0,0,80.241,80.556,78.351,85.552,43.846,42.593,50.794,38.803
441,MLP,Openness,test throw median,pearson,solver,num_streamlines,3.787,balanced_accuracy,17,132,100.0,0,80.379,80.556,78.788,88.828,50.256,51.852,61.765,43.59
442,MLP,Neuroticism,test throw median,pearson,solver,mean_FA,3.758,balanced_accuracy,18,131,100.0,0,100.0,100.0,100.0,100.0,51.382,52.542,36.364,49.654
443,MLP,Agreeableness,test throw median,pearson,solver,mean_strl,3.729,balanced_accuracy,17,130,100.0,0,75.898,76.522,72.727,88.04,63.716,59.615,60.377,60.925
444,MLP,Conscientiousness,test throw median,pearson,solver,mean_FA,3.701,balanced_accuracy,18,129,100.0,0,77.907,80.808,71.642,93.854,51.857,50.943,43.478,48.429
445,MLP,Neuroticism,test throw median,pearson,solver,mean_FA,3.643,balanced_accuracy,17,127,100.0,0,100.0,100.0,100.0,100.0,57.604,57.627,56.14,58.756
446,MLP,Agreeableness,test throw median,pearson,solver,mean_strl,3.614,balanced_accuracy,18,126,100.0,0,69.568,70.435,64.583,81.528,48.644,46.154,48.148,47.847
447,MLP,Extraversion,test throw median,pearson,solver,mean_strl,3.557,balanced_accuracy,17,124,100.0,0,75.133,75.455,72.727,84.45,42.812,48.077,22.857,37.344
448,MLP,Agreeableness,test throw median,pearson,solver,mean_FA,3.528,balanced_accuracy,17,123,100.0,0,100.0,100.0,100.0,100.0,55.104,55.769,62.295,56.3
449,MLP,Neuroticism,test throw median,pearson,solver,num_streamlines,3.5,balanced_accuracy,17,122,100.0,0,85.714,86.111,83.871,94.334,52.247,52.542,48.148,55.069
450,MLP,Conscientiousness,test throw median,pearson,solver,mean_FA,3.442,balanced_accuracy,17,120,100.0,0,75.768,77.778,70.27,83.43,47.857,47.17,41.667,47.286
451,MLP,Agreeableness,test throw median,pearson,solver,mean_strl,3.328,balanced_accuracy,16,116,100.0,0,73.205,73.913,69.388,85.027,52.392,48.077,47.059,52.951
452,MLP,Extraversion,test throw median,pearson,solver,mean_FA,3.299,balanced_accuracy,18,115,100.0,0,100.0,100.0,100.0,100.0,50.938,50.0,45.833,44.531
453,MLP,Openness,test throw median,pearson,solver,mean_strl,3.27,balanced_accuracy,17,114,100.0,0,100.0,100.0,100.0,100.0,41.795,42.593,52.308,45.812
454,MLP,Neuroticism,test throw median,pearson,solver,mean_strl,3.242,balanced_accuracy,17,113,100.0,0,78.915,78.704,79.279,88.496,60.484,61.017,54.902,64.171
455,MLP,Extraversion,test throw median,pearson,solver,mean_FA,3.213,balanced_accuracy,16,112,100.0,0,100.0,100.0,100.0,100.0,45.312,44.231,40.816,48.281
456,MLP,Conscientiousness,test throw median,pearson,solver,mean_strl,3.184,balanced_accuracy,16,111,100.0,0,81.312,82.828,77.922,93.522,44.071,43.396,37.5,42.286
457,MLP,Neuroticism,test throw median,pearson,solver,mean_FA,3.155,balanced_accuracy,16,110,100.0,0,100.0,100.0,100.0,100.0,60.657,61.017,56.604,63.825
458,MLP,Openness,test throw median,pearson,solver,mean_FA,3.127,balanced_accuracy,16,109,100.0,0,72.103,73.148,66.667,83.103,54.359,51.852,59.375,51.966
459,MLP,Conscientiousness,test throw median,pearson,solver,num_streamlines,3.098,balanced_accuracy,16,108,100.0,0,100.0,100.0,100.0,100.0,43.857,43.396,40.0,42.143
460,MLP,Openness,test throw median,pearson,solver,num_streamlines,3.069,balanced_accuracy,16,107,100.0,0,100.0,100.0,100.0,100.0,51.026,50.0,58.462,52.308
461,MLP,Agreeableness,test throw median,pearson,solver,mean_FA,3.041,balanced_accuracy,16,106,100.0,0,79.534,80.0,77.228,86.427,49.761,46.154,46.154,55.343
462,MLP,Agreeableness,test throw median,pearson,solver,num_streamlines,2.897,balanced_accuracy,15,101,100.0,0,80.478,80.87,78.431,90.17,53.907,50.0,50.0,51.675
463,MLP,Conscientiousness,test throw median,pearson,solver,num_streamlines,2.869,balanced_accuracy,15,100,100.0,0,100.0,100.0,100.0,100.0,51.214,50.943,50.0,52.429
464,MLP,Neuroticism,test throw median,pearson,solver,mean_strl,2.84,balanced_accuracy,16,99,100.0,0,69.918,70.37,65.217,80.357,56.74,57.627,46.809,63.364
465,MLP,Agreeableness,test throw median,pearson,solver,mean_strl,2.811,balanced_accuracy,15,98,100.0,0,69.568,70.435,64.583,80.158,47.528,46.154,50.0,50.239
466,MLP,Extraversion,test throw median,pearson,solver,mean_FA,2.783,balanced_accuracy,15,97,100.0,0,76.857,77.273,74.227,86.605,56.25,57.692,47.619,54.844
467,MLP,Openness,test throw median,pearson,solver,mean_FA,2.754,balanced_accuracy,15,96,100.0,0,100.0,100.0,100.0,100.0,33.333,33.333,41.935,28.547
468,MLP,Agreeableness,test throw median,pearson,solver,mean_FA,2.725,balanced_accuracy,15,95,100.0,0,67.149,67.826,62.626,77.054,40.67,34.615,26.087,34.928
469,MLP,Neuroticism,test throw median,pearson,solver,mean_FA,2.697,balanced_accuracy,15,94,100.0,0,75.893,75.926,75.0,82.143,50.634,50.847,47.273,54.378
470,MLP,Extraversion,test throw median,pearson,solver,mean_strl,2.639,balanced_accuracy,15,92,100.0,0,100.0,100.0,100.0,100.0,42.5,44.231,32.558,40.312
471,MLP,Conscientiousness,test throw median,pearson,solver,mean_FA,2.61,balanced_accuracy,15,91,100.0,0,78.447,80.808,73.239,91.487,46.929,45.283,25.641,43.429
472,MLP,Agreeableness,test throw median,pearson,solver,mean_strl,2.524,balanced_accuracy,14,88,100.0,0,100.0,100.0,100.0,100.0,46.013,44.231,47.273,52.791
473,MLP,Extraversion,test throw median,pearson,solver,num_streamlines,2.496,balanced_accuracy,14,87,100.0,0,69.828,70.909,61.905,82.759,57.188,63.462,38.71,60.156
474,MLP,Conscientiousness,test throw median,pearson,solver,mean_FA,2.467,balanced_accuracy,14,86,100.0,0,75.768,77.778,70.27,83.306,36.5,35.849,29.167,38.857
475,MLP,Openness,test throw median,pearson,solver,mean_FA,2.438,balanced_accuracy,14,85,100.0,0,74.655,75.0,72.165,83.172,43.846,42.593,50.794,48.034
476,MLP,Agreeableness,test throw median,pearson,solver,num_streamlines,2.41,balanced_accuracy,14,84,100.0,0,100.0,100.0,100.0,100.0,53.907,50.0,50.0,61.882
477,MLP,Agreeableness,test throw median,pearson,solver,mean_FA,2.381,balanced_accuracy,14,83,100.0,0,100.0,100.0,100.0,100.0,52.073,51.923,57.627,50.558
478,MLP,Extraversion,test throw median,pearson,solver,mean_FA,2.324,balanced_accuracy,14,81,100.0,0,62.832,63.636,55.556,76.923,50.313,53.846,36.842,43.281
479,MLP,Extraversion,test throw median,pearson,solver,mean_strl,2.266,balanced_accuracy,14,79,100.0,0,73.11,73.636,69.474,81.532,50.938,55.769,34.286,50.625
480,MLP,Openness,test throw median,pearson,solver,mean_FA,2.18,balanced_accuracy,13,76,100.0,0,71.379,72.222,66.667,82.862,52.564,46.296,50.847,54.53
481,MLP,Conscientiousness,test throw median,pearson,solver,mean_strl,2.151,balanced_accuracy,13,75,100.0,0,100.0,100.0,100.0,100.0,43.643,43.396,42.308,43.857
482,MLP,Conscientiousness,test throw median,pearson,solver,mean_FA,2.123,balanced_accuracy,13,74,100.0,0,100.0,100.0,100.0,100.0,41.643,41.509,41.509,40.286
483,MLP,Agreeableness,test throw median,pearson,solver,mean_strl,2.094,balanced_accuracy,13,73,100.0,0,100.0,100.0,100.0,100.0,49.043,48.077,52.632,48.006
484,MLP,Neuroticism,test throw median,pearson,solver,mean_FA,2.065,balanced_accuracy,13,72,100.0,0,100.0,100.0,100.0,100.0,59.389,59.322,58.621,58.295
485,MLP,Openness,test throw median,pearson,solver,mean_strl,2.037,balanced_accuracy,13,71,100.0,0,73.379,74.074,69.565,83.172,55.897,48.148,51.724,53.846
486,MLP,Extraversion,test throw median,pearson,solver,mean_FA,1.951,balanced_accuracy,13,68,100.0,0,77.354,77.273,76.636,85.511,42.812,42.308,37.5,41.562
487,MLP,Agreeableness,test throw median,pearson,solver,mean_FA,1.922,balanced_accuracy,13,67,100.0,0,100.0,100.0,100.0,100.0,44.099,40.385,39.216,48.006
488,MLP,Openness,test throw median,pearson,solver,mean_FA,1.865,balanced_accuracy,12,65,100.0,0,72.103,73.148,66.667,81.345,52.564,46.296,50.847,50.256
489,MLP,Agreeableness,test throw median,pearson,solver,mean_strl,1.836,balanced_accuracy,12,64,100.0,0,100.0,100.0,100.0,100.0,47.528,46.154,50.0,49.92
490,MLP,Conscientiousness,test throw median,pearson,solver,mean_FA,1.807,balanced_accuracy,12,63,100.0,0,100.0,100.0,100.0,100.0,37.857,37.736,37.736,34.857
491,MLP,Neuroticism,test throw median,pearson,solver,mean_FA,1.779,balanced_accuracy,12,62,100.0,0,100.0,100.0,100.0,100.0,51.901,52.542,44.0,53.341
492,MLP,Neuroticism,test throw median,pearson,solver,num_streamlines,1.75,balanced_accuracy,12,61,100.0,0,67.72,67.593,67.89,81.181,50.806,50.847,49.123,45.161
493,MLP,Extraversion,test throw median,pearson,solver,mean_strl,1.721,balanced_accuracy,12,60,100.0,0,76.293,76.364,75.0,85.477,49.688,51.923,39.024,51.406
494,MLP,Openness,test throw median,pearson,solver,mean_strl,1.692,balanced_accuracy,12,59,100.0,0,100.0,100.0,100.0,100.0,50.0,57.407,69.333,50.598
495,MLP,Agreeableness,test throw median,pearson,solver,mean_FA,1.664,balanced_accuracy,12,58,100.0,0,73.083,73.043,71.56,83.08,54.306,51.923,54.545,55.981
496,MLP,Extraversion,test throw median,pearson,solver,mean_FA,1.578,balanced_accuracy,11,55,100.0,0,100.0,100.0,100.0,100.0,41.562,44.231,29.268,38.906
497,MLP,Conscientiousness,test throw median,pearson,solver,mean_FA,1.549,balanced_accuracy,11,54,100.0,0,100.0,100.0,100.0,100.0,47.214,47.17,48.148,51.286
498,MLP,Openness,test throw median,pearson,solver,mean_strl,1.52,balanced_accuracy,11,53,100.0,0,74.517,75.0,71.579,78.31,52.564,46.296,50.847,44.615
499,MLP,Openness,test throw median,pearson,solver,mean_FA,1.492,balanced_accuracy,11,52,100.0,0,100.0,100.0,100.0,100.0,41.795,42.593,52.308,38.291
500,MLP,Agreeableness,test throw median,pearson,solver,mean_FA,1.463,balanced_accuracy,11,51,100.0,0,100.0,100.0,100.0,100.0,50.558,50.0,55.172,44.019
501,MLP,Neuroticism,test throw median,pearson,solver,mean_strl,1.434,balanced_accuracy,11,50,100.0,0,68.956,69.444,63.736,77.404,54.954,55.932,43.478,61.175
502,MLP,Extraversion,test throw median,pearson,solver,mean_strl,1.406,balanced_accuracy,11,49,100.0,0,100.0,100.0,100.0,100.0,50.313,53.846,36.842,51.562
503,MLP,Neuroticism,test throw median,pearson,solver,mean_strl,1.291,balanced_accuracy,10,45,100.0,0,74.245,74.074,74.545,80.22,45.449,45.763,40.741,56.567
504,MLP,Openness,test throw median,pearson,solver,mean_FA,1.262,balanced_accuracy,10,44,100.0,0,100.0,100.0,100.0,100.0,45.128,44.444,53.125,38.974
505,MLP,Extraversion,test throw median,pearson,solver,mean_FA,1.234,balanced_accuracy,10,43,100.0,0,67.241,68.182,59.77,78.481,46.562,48.077,37.209,57.187
506,MLP,Agreeableness,test throw median,pearson,solver,mean_FA,1.205,balanced_accuracy,10,42,100.0,0,100.0,100.0,100.0,100.0,51.276,48.077,49.057,51.196
507,MLP,Extraversion,test throw median,pearson,solver,mean_strl,1.176,balanced_accuracy,10,41,100.0,0,100.0,100.0,100.0,100.0,45.625,48.077,34.146,50.313
508,MLP,Extraversion,test throw median,pearson,solver,num_streamlines,1.147,balanced_accuracy,10,40,100.0,0,71.684,71.818,69.903,78.316,56.563,55.769,51.064,53.281
509,MLP,Conscientiousness,test throw median,pearson,solver,mean_FA,1.061,balanced_accuracy,10,37,100.0,0,100.0,100.0,100.0,100.0,53.643,52.83,46.809,55.0
510,MLP,Conscientiousness,test throw median,pearson,solver,mean_FA,1.033,balanced_accuracy,9,36,100.0,0,100.0,100.0,100.0,100.0,41.643,41.509,41.509,37.429
511,MLP,Agreeableness,test throw median,pearson,solver,mean_FA,1.004,balanced_accuracy,9,35,100.0,0,100.0,100.0,100.0,100.0,59.171,53.846,52.0,66.348
512,MLP,Openness,test throw median,pearson,solver,mean_FA,0.975,balanced_accuracy,9,34,100.0,0,74.241,75.0,70.33,79.897,48.462,46.296,53.968,44.274
513,MLP,Conscientiousness,test throw median,pearson,solver,mean_strl,0.947,balanced_accuracy,9,33,100.0,0,63.517,66.667,50.746,72.633,46.929,45.283,25.641,58.857
514,MLP,Neuroticism,test throw median,pearson,solver,mean_FA,0.918,balanced_accuracy,9,32,100.0,0,65.728,65.741,64.762,73.249,59.389,59.322,58.621,63.94
515,MLP,Openness,test throw median,pearson,solver,mean_FA,0.803,balanced_accuracy,8,28,100.0,0,61.379,62.963,50.0,74.517,50.769,40.741,40.741,45.128
516,MLP,Agreeableness,test throw median,pearson,solver,mean_FA,0.775,balanced_accuracy,8,27,100.0,0,64.699,66.957,50.0,80.706,51.914,40.385,16.216,56.3
517,MLP,Neuroticism,test throw median,pearson,solver,mean_FA,0.746,balanced_accuracy,8,26,100.0,0,67.926,67.593,69.565,74.382,60.657,61.017,56.604,59.447
518,MLP,Extraversion,test throw median,pearson,solver,mean_FA,0.717,balanced_accuracy,8,25,100.0,0,72.447,72.727,70.0,79.874,45.625,48.077,34.146,50.781
519,MLP,Openness,test throw median,pearson,solver,mean_FA,0.602,balanced_accuracy,7,21,100.0,0,64.103,65.741,53.165,71.931,54.615,46.296,49.123,46.325
520,MLP,Agreeableness,test throw median,pearson,solver,mean_FA,0.574,balanced_accuracy,7,20,100.0,0,66.875,67.826,61.053,69.233,53.907,50.0,50.0,54.226
521,MLP,Neuroticism,test throw median,pearson,solver,mean_FA,0.545,balanced_accuracy,7,19,100.0,0,66.552,66.667,64.706,72.218,53.687,54.237,47.059,56.452
522,MLP,Agreeableness,test throw median,pearson,solver,num_streamlines,0.488,balanced_accuracy,7,17,100.0,0,100.0,100.0,100.0,100.0,50.957,51.923,59.016,52.153
523,MLP,Agreeableness,test throw median,pearson,solver,mean_FA,0.43,balanced_accuracy,6,15,100.0,0,63.771,65.217,54.545,67.559,45.215,40.385,36.735,51.037
524,MLP,Openness,test throw median,pearson,solver,mean_FA,0.402,balanced_accuracy,6,14,100.0,0,65.517,66.667,58.14,71.862,55.897,48.148,51.724,53.333
525,MLP,Agreeableness,test throw median,pearson,solver,mean_FA,0.287,balanced_accuracy,5,10,100.0,0,100.0,100.0,100.0,100.0,36.603,36.538,42.105,34.609
526,MLP,Conscientiousness,test throw median,pearson,solver,mean_strl,0.258,balanced_accuracy,5,9,100.0,0,64.057,66.667,53.521,67.151,38.0,35.849,0.0,36.0
527,MLP,Extraversion,test throw median,pearson,solver,mean_strl,0.229,balanced_accuracy,5,8,100.0,0,100.0,100.0,100.0,100.0,42.812,42.308,37.5,43.125
528,MLP,Agreeableness,test throw median,pearson,solver,mean_FA,0.172,balanced_accuracy,4,6,100.0,0,59.601,60.87,50.549,58.399,46.332,40.385,34.043,51.196
529,MLP,Conscientiousness,test throw median,pearson,solver,mean_strl,0.143,balanced_accuracy,4,5,100.0,0,100.0,100.0,100.0,100.0,50.071,49.057,40.0,44.0
530,MLP,Openness,keep median,pearson,solver,mean_FA,4.532,balanced_accuracy,19,158,100.0,0,100.0,100.0,100.0,100.0,63.379,56.716,62.338,67.8
531,MLP,Extraversion,keep median,pearson,solver,num_streamlines,4.475,balanced_accuracy,19,156,100.0,0,86.936,87.273,85.714,96.684,44.465,46.269,33.333,44.555
532,MLP,Extraversion,keep median,pearson,solver,mean_strl,4.418,balanced_accuracy,19,154,100.0,0,81.764,81.818,80.769,90.385,53.993,55.224,46.429,47.459
533,MLP,Agreeableness,keep median,pearson,solver,mean_FA,4.389,balanced_accuracy,19,153,100.0,0,100.0,100.0,100.0,100.0,45.532,47.761,57.831,52.66
534,MLP,Conscientiousness,keep median,pearson,solver,mean_strl,4.36,balanced_accuracy,19,152,100.0,0,79.797,80.808,76.543,91.653,42.17,40.299,37.5,41.758
535,MLP,Neuroticism,keep median,pearson,solver,mean_FA,4.332,balanced_accuracy,19,151,100.0,0,83.31,83.333,82.692,90.179,58.289,58.209,56.25,55.437
536,MLP,Openness,keep median,pearson,solver,mean_strl,4.303,balanced_accuracy,19,150,100.0,0,100.0,100.0,100.0,100.0,53.571,55.224,65.116,57.71
537,MLP,Openness,keep median,pearson,solver,num_streamlines,4.274,balanced_accuracy,19,149,100.0,0,82.69,83.333,80.435,91.034,53.005,49.254,56.41,51.814
538,MLP,Neuroticism,keep median,pearson,solver,mean_strl,4.188,balanced_accuracy,19,146,100.0,0,81.525,81.481,81.132,89.389,49.153,49.254,52.778,48.217
539,MLP,Agreeableness,keep median,pearson,solver,mean_strl,4.131,balanced_accuracy,19,144,100.0,0,75.487,76.522,70.968,87.005,52.394,43.284,42.424,48.191
540,MLP,Conscientiousness,keep median,pearson,solver,mean_FA,4.102,balanced_accuracy,19,143,100.0,0,100.0,100.0,100.0,100.0,51.648,50.746,52.174,51.374
541,MLP,Openness,keep median,pearson,solver,mean_FA,4.073,balanced_accuracy,18,142,100.0,0,100.0,100.0,100.0,100.0,56.066,53.731,61.728,52.834
542,MLP,Neuroticism,keep median,pearson,solver,mean_strl,4.016,balanced_accuracy,18,140,100.0,0,76.786,76.852,75.728,85.714,55.303,55.224,53.125,52.406
543,MLP,Conscientiousness,keep median,pearson,solver,num_streamlines,3.987,balanced_accuracy,18,139,100.0,0,100.0,100.0,100.0,100.0,43.727,43.284,45.714,39.103
544,MLP,Agreeableness,keep median,pearson,solver,mean_FA,3.959,balanced_accuracy,18,138,100.0,0,100.0,100.0,100.0,100.0,46.649,43.284,48.649,47.872
545,MLP,Conscientiousness,keep median,pearson,solver,mean_strl,3.901,balanced_accuracy,18,136,100.0,0,100.0,100.0,100.0,100.0,42.949,41.791,41.791,40.751
546,MLP,Openness,keep median,pearson,solver,mean_strl,3.844,balanced_accuracy,18,134,100.0,0,76.966,77.778,73.333,86.655,56.236,46.269,48.571,62.585
547,MLP,Openness,keep median,pearson,solver,num_streamlines,3.787,balanced_accuracy,17,132,100.0,0,100.0,100.0,100.0,100.0,51.247,49.254,57.5,46.032
548,MLP,Neuroticism,keep median,pearson,solver,mean_FA,3.758,balanced_accuracy,18,131,100.0,0,79.533,79.63,78.431,87.912,47.906,47.761,42.623,46.97
549,MLP,Agreeableness,keep median,pearson,solver,mean_strl,3.729,balanced_accuracy,17,130,100.0,0,72.535,73.043,69.307,80.949,64.096,59.701,64.935,67.66
550,MLP,Conscientiousness,keep median,pearson,solver,mean_FA,3.701,balanced_accuracy,18,129,100.0,0,100.0,100.0,100.0,100.0,49.588,47.761,46.154,52.747
551,MLP,Neuroticism,keep median,pearson,solver,mean_FA,3.643,balanced_accuracy,17,127,100.0,0,100.0,100.0,100.0,100.0,53.699,53.731,55.072,61.497
552,MLP,Agreeableness,keep median,pearson,solver,mean_strl,3.614,balanced_accuracy,18,126,100.0,0,79.808,80.0,78.095,88.436,53.777,49.254,54.054,46.702
553,MLP,Extraversion,keep median,pearson,solver,mean_strl,3.557,balanced_accuracy,17,124,100.0,0,69.264,70.0,63.736,81.764,43.24,46.269,25.0,37.296
554,MLP,Agreeableness,keep median,pearson,solver,mean_FA,3.528,balanced_accuracy,17,123,100.0,0,100.0,100.0,100.0,100.0,51.968,50.746,58.228,49.681
555,MLP,Neuroticism,keep median,pearson,solver,num_streamlines,3.5,balanced_accuracy,17,122,100.0,0,87.912,87.963,87.379,95.33,43.36,43.284,40.625,47.237
556,MLP,Conscientiousness,keep median,pearson,solver,mean_FA,3.442,balanced_accuracy,17,120,100.0,0,100.0,100.0,100.0,100.0,55.22,53.731,53.731,58.791
557,MLP,Agreeableness,keep median,pearson,solver,mean_strl,3.328,balanced_accuracy,16,116,100.0,0,100.0,100.0,100.0,100.0,64.096,59.701,64.935,67.766
558,MLP,Extraversion,keep median,pearson,solver,mean_FA,3.299,balanced_accuracy,18,115,100.0,0,100.0,100.0,100.0,100.0,41.652,40.299,42.857,44.646
559,MLP,Openness,keep median,pearson,solver,mean_strl,3.27,balanced_accuracy,17,114,100.0,0,100.0,100.0,100.0,100.0,62.642,58.209,65.0,60.431
560,MLP,Neuroticism,keep median,pearson,solver,mean_strl,3.242,balanced_accuracy,17,113,100.0,0,84.272,84.259,83.81,91.415,53.922,53.731,47.458,52.941
561,MLP,Extraversion,keep median,pearson,solver,mean_FA,3.213,balanced_accuracy,16,112,100.0,0,78.017,78.182,76.471,87.997,46.189,47.761,36.364,50.998
562,MLP,Conscientiousness,keep median,pearson,solver,mean_strl,3.184,balanced_accuracy,16,111,100.0,0,100.0,100.0,100.0,100.0,47.299,46.269,47.059,48.626
563,MLP,Neuroticism,keep median,pearson,solver,mean_FA,3.155,balanced_accuracy,16,110,100.0,0,73.146,73.148,72.381,81.834,55.169,55.224,57.143,50.624
564,MLP,Openness,keep median,pearson,solver,mean_FA,3.127,balanced_accuracy,16,109,100.0,0,83.138,84.259,80.0,92.276,50.227,47.761,55.696,57.143
565,MLP,Conscientiousness,keep median,pearson,solver,num_streamlines,3.098,balanced_accuracy,16,108,100.0,0,100.0,100.0,100.0,100.0,45.742,43.284,38.71,35.989
566,MLP,Openness,keep median,pearson,solver,num_streamlines,3.069,balanced_accuracy,16,107,100.0,0,100.0,100.0,100.0,100.0,45.692,46.269,56.098,47.392
567,MLP,Agreeableness,keep median,pearson,solver,mean_FA,3.041,balanced_accuracy,16,106,100.0,0,78.058,78.261,76.19,85.788,53.404,50.746,57.143,48.83
568,MLP,Agreeableness,keep median,pearson,solver,num_streamlines,2.897,balanced_accuracy,15,101,100.0,0,77.785,78.261,75.248,85.119,45.585,41.791,46.575,45.851
569,MLP,Conscientiousness,keep median,pearson,solver,num_streamlines,2.869,balanced_accuracy,15,100,100.0,0,87.396,87.879,85.714,91.57,50.137,50.746,56.0,44.597
570,MLP,Neuroticism,keep median,pearson,solver,mean_strl,2.84,balanced_accuracy,16,99,100.0,0,81.456,81.481,80.769,87.122,43.316,43.284,42.424,42.068
571,MLP,Agreeableness,keep median,pearson,solver,mean_strl,2.811,balanced_accuracy,15,98,100.0,0,100.0,100.0,100.0,100.0,56.223,56.716,65.06,61.383
572,MLP,Extraversion,keep median,pearson,solver,mean_FA,2.783,balanced_accuracy,15,97,100.0,0,84.549,84.545,83.81,91.18,43.058,43.284,38.71,38.113
573,MLP,Openness,keep median,pearson,solver,mean_FA,2.754,balanced_accuracy,15,96,100.0,0,100.0,100.0,100.0,100.0,55.045,52.239,60.0,57.143
574,MLP,Agreeableness,keep median,pearson,solver,mean_FA,2.725,balanced_accuracy,15,95,100.0,0,76.019,77.391,70.455,87.127,56.33,44.776,41.27,57.872
575,MLP,Neuroticism,keep median,pearson,solver,mean_FA,2.697,balanced_accuracy,15,94,100.0,0,70.536,70.37,70.909,81.422,49.153,49.254,52.778,51.604
576,MLP,Extraversion,keep median,pearson,solver,mean_strl,2.639,balanced_accuracy,15,92,100.0,0,100.0,100.0,100.0,100.0,41.833,43.284,32.143,37.387
577,MLP,Conscientiousness,keep median,pearson,solver,mean_FA,2.61,balanced_accuracy,15,91,100.0,0,100.0,100.0,100.0,100.0,46.749,43.284,34.483,41.392
578,MLP,Agreeableness,keep median,pearson,solver,mean_strl,2.524,balanced_accuracy,14,88,100.0,0,100.0,100.0,100.0,100.0,64.415,64.179,71.429,64.043
579,MLP,Extraversion,keep median,pearson,solver,num_streamlines,2.496,balanced_accuracy,14,87,100.0,0,85.013,85.455,83.333,93.7,70.508,71.642,65.455,66.334
580,MLP,Conscientiousness,keep median,pearson,solver,mean_FA,2.467,balanced_accuracy,14,86,100.0,0,100.0,100.0,100.0,100.0,46.016,44.776,44.776,42.125
581,MLP,Openness,keep median,pearson,solver,mean_FA,2.438,balanced_accuracy,14,85,100.0,0,100.0,100.0,100.0,100.0,47.449,46.269,55.0,43.311
582,MLP,Agreeableness,keep median,pearson,solver,num_streamlines,2.41,balanced_accuracy,14,84,100.0,0,82.502,82.609,81.132,89.744,44.84,44.776,53.165,46.596
583,MLP,Agreeableness,keep median,pearson,solver,mean_FA,2.381,balanced_accuracy,14,83,100.0,0,100.0,100.0,100.0,100.0,51.968,50.746,58.228,47.021
584,MLP,Extraversion,keep median,pearson,solver,mean_FA,2.324,balanced_accuracy,14,81,100.0,0,82.527,82.727,81.188,86.572,44.374,44.776,39.344,42.287
585,MLP,Extraversion,keep median,pearson,solver,mean_strl,2.266,balanced_accuracy,14,79,100.0,0,100.0,100.0,100.0,100.0,42.65,43.284,36.667,45.735
586,MLP,Openness,keep median,pearson,solver,mean_FA,2.18,balanced_accuracy,13,76,100.0,0,100.0,100.0,100.0,100.0,50.227,47.761,55.696,42.857
587,MLP,Conscientiousness,keep median,pearson,solver,mean_strl,2.151,balanced_accuracy,13,75,100.0,0,100.0,100.0,100.0,100.0,42.445,41.791,43.478,40.751
588,MLP,Conscientiousness,keep median,pearson,solver,mean_FA,2.123,balanced_accuracy,13,74,100.0,0,100.0,100.0,100.0,100.0,42.72,43.284,48.649,47.894
589,MLP,Agreeableness,keep median,pearson,solver,mean_strl,2.094,balanced_accuracy,13,73,100.0,0,100.0,100.0,100.0,100.0,51.968,50.746,58.228,53.191
590,MLP,Neuroticism,keep median,pearson,solver,mean_FA,2.065,balanced_accuracy,13,72,100.0,0,100.0,100.0,100.0,100.0,52.094,52.239,56.757,50.891
591,MLP,Openness,keep median,pearson,solver,mean_strl,2.037,balanced_accuracy,13,71,100.0,0,78.103,78.704,75.269,83.483,49.49,49.254,58.537,53.855
592,MLP,Extraversion,keep median,pearson,solver,mean_FA,1.951,balanced_accuracy,13,68,100.0,0,78.78,79.091,76.768,86.87,45.191,44.776,43.077,39.474
593,MLP,Agreeableness,keep median,pearson,solver,mean_FA,1.922,balanced_accuracy,13,67,100.0,0,100.0,100.0,100.0,100.0,60.904,55.224,59.459,65.638
594,MLP,Openness,keep median,pearson,solver,mean_FA,1.865,balanced_accuracy,12,65,100.0,0,67.379,68.519,60.465,79.069,57.256,47.761,50.704,54.082
595,MLP,Agreeableness,keep median,pearson,solver,mean_strl,1.836,balanced_accuracy,12,64,100.0,0,100.0,100.0,100.0,100.0,55.16,55.224,63.415,55.0
596,MLP,Conscientiousness,keep median,pearson,solver,mean_FA,1.807,balanced_accuracy,12,63,100.0,0,100.0,100.0,100.0,100.0,52.152,50.746,50.746,49.084
597,MLP,Neuroticism,keep median,pearson,solver,mean_FA,1.779,balanced_accuracy,12,62,100.0,0,100.0,100.0,100.0,100.0,44.92,44.776,39.344,49.287
598,MLP,Neuroticism,keep median,pearson,solver,num_streamlines,1.75,balanced_accuracy,12,61,100.0,0,75.755,75.926,74.0,84.718,52.451,52.239,44.828,51.07
599,MLP,Extraversion,keep median,pearson,solver,mean_strl,1.721,balanced_accuracy,12,60,100.0,0,100.0,100.0,100.0,100.0,44.465,46.269,33.333,34.664
600,MLP,Openness,keep median,pearson,solver,mean_strl,1.692,balanced_accuracy,12,59,100.0,0,100.0,100.0,100.0,100.0,59.41,61.194,70.455,62.358
601,MLP,Agreeableness,keep median,pearson,solver,mean_FA,1.664,balanced_accuracy,12,58,100.0,0,100.0,100.0,100.0,100.0,55.585,47.761,49.275,48.723
602,MLP,Extraversion,keep median,pearson,solver,mean_FA,1.578,balanced_accuracy,11,55,100.0,0,100.0,100.0,100.0,100.0,52.995,52.239,51.515,52.541
603,MLP,Conscientiousness,keep median,pearson,solver,mean_FA,1.549,balanced_accuracy,11,54,100.0,0,100.0,100.0,100.0,100.0,57.509,55.224,53.125,59.249
604,MLP,Openness,keep median,pearson,solver,mean_strl,1.52,balanced_accuracy,11,53,100.0,0,74.103,75.0,69.663,84.414,45.125,40.299,45.946,53.401
605,MLP,Openness,keep median,pearson,solver,mean_FA,1.492,balanced_accuracy,11,52,100.0,0,100.0,100.0,100.0,100.0,52.551,53.731,63.529,51.814
606,MLP,Agreeableness,keep median,pearson,solver,mean_FA,1.463,balanced_accuracy,11,51,100.0,0,74.817,75.652,70.833,80.128,45.585,41.791,46.575,50.957
607,MLP,Neuroticism,keep median,pearson,solver,mean_strl,1.434,balanced_accuracy,11,50,100.0,0,72.527,72.222,73.684,80.185,44.831,44.776,43.077,45.9
608,MLP,Extraversion,keep median,pearson,solver,mean_strl,1.406,balanced_accuracy,11,49,100.0,0,100.0,100.0,100.0,100.0,53.584,55.224,44.444,51.361
609,MLP,Neuroticism,keep median,pearson,solver,mean_strl,1.291,balanced_accuracy,10,45,100.0,0,71.291,71.296,70.476,81.387,59.804,59.701,57.143,54.456
610,MLP,Openness,keep median,pearson,solver,mean_FA,1.262,balanced_accuracy,10,44,100.0,0,73.655,74.074,70.833,82.552,53.458,44.776,47.887,47.506
611,MLP,Extraversion,keep median,pearson,solver,mean_FA,1.234,balanced_accuracy,10,43,100.0,0,72.248,72.727,68.75,75.928,49.728,52.239,36.0,51.724
612,MLP,Agreeableness,keep median,pearson,solver,mean_FA,1.205,balanced_accuracy,10,42,100.0,0,100.0,100.0,100.0,100.0,62.66,59.701,65.823,64.043
613,MLP,Extraversion,keep median,pearson,solver,mean_strl,1.176,balanced_accuracy,10,41,100.0,0,100.0,100.0,100.0,100.0,41.833,43.284,32.143,36.661
614,MLP,Extraversion,keep median,pearson,solver,num_streamlines,1.147,balanced_accuracy,10,40,100.0,0,77.719,78.182,75.0,87.202,53.993,55.224,46.429,51.27
615,MLP,Conscientiousness,keep median,pearson,solver,mean_FA,1.061,balanced_accuracy,10,37,100.0,0,67.982,71.717,54.839,85.59,38.049,34.328,21.429,36.722
616,MLP,Conscientiousness,keep median,pearson,solver,mean_FA,1.033,balanced_accuracy,9,36,100.0,0,100.0,100.0,100.0,100.0,45.513,44.776,46.377,55.311
617,MLP,Agreeableness,keep median,pearson,solver,mean_FA,1.004,balanced_accuracy,9,35,100.0,0,100.0,100.0,100.0,100.0,49.84,47.761,54.545,53.191
618,MLP,Openness,keep median,pearson,solver,mean_FA,0.975,balanced_accuracy,9,34,100.0,0,65.931,66.667,60.87,70.828,62.358,55.224,60.526,60.091
619,MLP,Conscientiousness,keep median,pearson,solver,mean_strl,0.947,balanced_accuracy,9,33,100.0,0,69.061,71.717,60.0,79.236,49.817,46.269,37.931,47.985
620,MLP,Neuroticism,keep median,pearson,solver,mean_FA,0.918,balanced_accuracy,9,32,100.0,0,72.253,72.222,71.698,77.679,43.36,43.284,40.625,42.781
621,MLP,Openness,keep median,pearson,solver,mean_FA,0.803,balanced_accuracy,8,28,100.0,0,61.069,62.037,53.933,69.207,50.964,46.269,52.632,60.544
622,MLP,Agreeableness,keep median,pearson,solver,mean_FA,0.775,balanced_accuracy,8,27,100.0,0,71.059,71.304,68.571,77.176,58.404,53.731,58.667,56.064
623,MLP,Neuroticism,keep median,pearson,solver,mean_FA,0.746,balanced_accuracy,8,26,100.0,0,63.599,63.889,59.794,70.948,38.993,38.806,30.508,41.533
624,MLP,Extraversion,keep median,pearson,solver,mean_FA,0.717,balanced_accuracy,8,25,100.0,0,74.271,74.545,72.0,78.68,53.085,53.731,47.458,47.913
625,MLP,Openness,keep median,pearson,solver,mean_FA,0.602,balanced_accuracy,7,21,100.0,0,59.069,60.185,50.575,67.724,56.236,46.269,48.571,57.71
626,MLP,Agreeableness,keep median,pearson,solver,mean_FA,0.574,balanced_accuracy,7,20,100.0,0,62.675,65.217,44.444,77.024,50.691,32.836,11.765,54.043
627,MLP,Neuroticism,keep median,pearson,solver,mean_FA,0.545,balanced_accuracy,7,19,100.0,0,66.552,66.667,64.706,73.077,50.847,50.746,47.619,55.615
628,MLP,Agreeableness,keep median,pearson,solver,num_streamlines,0.488,balanced_accuracy,7,17,100.0,0,100.0,100.0,100.0,100.0,50.904,49.254,56.41,50.957
629,MLP,Agreeableness,keep median,pearson,solver,mean_FA,0.43,balanced_accuracy,6,15,100.0,0,65.657,66.957,57.778,69.629,54.521,46.269,47.059,53.404
630,MLP,Openness,keep median,pearson,solver,mean_FA,0.402,balanced_accuracy,6,14,100.0,0,65.069,65.741,60.215,68.517,55.215,44.776,46.377,55.329
631,MLP,Agreeableness,keep median,pearson,solver,mean_FA,0.287,balanced_accuracy,5,10,100.0,0,100.0,100.0,100.0,100.0,50.213,46.269,51.351,50.426
632,MLP,Conscientiousness,keep median,pearson,solver,mean_strl,0.258,balanced_accuracy,5,9,100.0,0,100.0,100.0,100.0,100.0,46.245,43.284,36.667,35.531
633,MLP,Extraversion,keep median,pearson,solver,mean_strl,0.229,balanced_accuracy,5,8,100.0,0,100.0,100.0,100.0,100.0,45.69,46.269,40.0,46.461
634,MLP,Agreeableness,keep median,pearson,solver,mean_FA,0.172,balanced_accuracy,4,6,100.0,0,56.497,58.261,42.857,59.738,54.894,44.776,43.077,56.809
635,MLP,Conscientiousness,keep median,pearson,solver,mean_strl,0.143,balanced_accuracy,4,5,100.0,0,100.0,100.0,100.0,100.0,47.802,46.269,45.455,55.357
